"r0_label","r1_label","r2_label","v_label","yr","r0","r1","r2","id","w","v","r2_v","r1_v","r0_v","r2_n","r1_n","r0_n","r2_n_notna","r1_n_notna","r0_n_notna","z_level","z_ids","z_n","z_n_pct","z_g_score","z"
"World","Europe","Eastern Europe","Arkhangel'sk",1990,1,150,151,18,1,0.0154456874281097,0.0154456874281097,0.0154456874281097,0.0154456874281097,19,19,19,19,19,19,"v","18",1,1,0,0.0154456874281097
"World","Europe","Eastern Europe","Arkhangel'sk",1991,1,150,151,18,1,0.0158855703351093,0.0158855703351093,0.0158855703351093,0.0158855703351093,19,19,19,19,19,19,"v","18",1,1,0,0.0158855703351093
"World","Europe","Eastern Europe","Arkhangel'sk",1992,1,150,151,18,1,0.00708482373698783,0.00708482373698783,0.00708482373698783,0.00708482373698783,19,19,19,19,19,19,"v","18",1,1,0,0.00708482373698783
"World","Europe","Eastern Europe","Arkhangel'sk",1993,1,150,151,18,1,0.0173681073048625,0.0173681073048625,0.0173681073048625,0.0173681073048625,19,19,19,19,19,19,"v","18",1,1,0,0.0173681073048625
"World","Europe","Eastern Europe","Arkhangel'sk",1994,1,150,151,18,1,0.00976449575096331,0.00976449575096331,0.00976449575096331,0.00976449575096331,19,19,19,19,19,19,"v","18",1,1,0,0.00976449575096331
"World","Europe","Eastern Europe","Arkhangel'sk",1995,1,150,151,18,1,0.00858119260752836,0.00858119260752836,0.00858119260752836,0.00858119260752836,19,19,19,19,19,19,"v","18",1,1,0,0.00858119260752836
"World","Europe","Eastern Europe","Arkhangel'sk",1996,1,150,151,18,1,0.0103170506561721,0.0103170506561721,0.0103170506561721,0.0103170506561721,19,19,19,19,19,19,"v","18",1,1,0,0.0103170506561721
"World","Europe","Eastern Europe","Arkhangel'sk",1997,1,150,151,18,1,0.0104845628243135,0.0104845628243135,0.0104845628243135,0.0104845628243135,19,19,19,19,19,19,"v","18",1,1,0,0.0104845628243135
"World","Europe","Eastern Europe","Arkhangel'sk",1998,1,150,151,18,1,0.0110531800028784,0.0110531800028784,0.0110531800028784,0.0110531800028784,19,19,19,19,19,19,"v","18",1,1,0,0.0110531800028784
"World","Europe","Eastern Europe","Arkhangel'sk",1999,1,150,151,18,1,0.0100823073795708,0.0100823073795708,0.0100823073795708,0.0100823073795708,19,19,19,19,19,19,"v","18",1,1,0,0.0100823073795708
"World","Europe","Eastern Europe","Arkhangel'sk",2000,1,150,151,18,1,0.00948645974211874,0.00948645974211874,0.00948645974211874,0.00948645974211874,19,19,19,19,19,19,"v","18",1,1,0,0.00948645974211874
"World","Europe","Eastern Europe","Arkhangel'sk",2001,1,150,151,18,1,0.0100712711203893,0.0100712711203893,0.0100712711203893,0.0100712711203893,19,19,19,19,19,19,"v","18",1,1,0,0.0100712711203893
"World","Europe","Eastern Europe","Arkhangel'sk",2002,1,150,151,18,1,0.00941782918344317,0.00941782918344317,0.00941782918344317,0.00941782918344317,19,19,19,19,19,19,"v","18",1,1,0,0.00941782918344317
"World","Europe","Eastern Europe","Arkhangel'sk",2003,1,150,151,18,1,0.00878227344966351,0.00878227344966351,0.00878227344966351,0.00878227344966351,19,19,19,19,19,19,"v","18",1,1,0,0.00878227344966351
"World","Europe","Eastern Europe","Arkhangel'sk",2004,1,150,151,18,1,0.00886342743138177,0.00886342743138177,0.00886342743138177,0.00886342743138177,19,19,19,19,19,19,"v","18",1,1,0,0.00886342743138177
"World","Europe","Eastern Europe","Arkhangel'sk",2005,1,150,151,18,1,0.0087467676769463,0.0087467676769463,0.0087467676769463,0.0087467676769463,19,19,19,19,19,19,"v","18",1,1,0,0.0087467676769463
"World","Europe","Eastern Europe","Arkhangel'sk",2006,1,150,151,18,1,0.008492734182409,0.008492734182409,0.008492734182409,0.008492734182409,19,19,19,19,19,19,"v","18",1,1,0,0.008492734182409
"World","Europe","Eastern Europe","Arkhangel'sk",2007,1,150,151,18,1,0.00836452114507743,0.00836452114507743,0.00836452114507743,0.00836452114507743,19,19,19,19,19,19,"v","18",1,1,0,0.00836452114507743
"World","Europe","Eastern Europe","Arkhangel'sk",2008,1,150,151,18,1,0.0083089321072186,0.0083089321072186,0.0083089321072186,0.0083089321072186,19,19,19,19,19,19,"v","18",1,1,0,0.0083089321072186
"World","Europe","Eastern Europe","Arkhangel'sk",2009,1,150,151,18,1,0.00910007488131586,0.00910007488131586,0.00910007488131586,0.00910007488131586,19,19,19,19,19,19,"v","18",1,1,0,0.00910007488131586
"World","Europe","Eastern Europe","Arkhangel'sk",2010,1,150,151,18,1,0.00853814953138212,0.00853814953138212,0.00853814953138212,0.00853814953138212,19,19,19,19,19,19,"v","18",1,1,0,0.00853814953138212
"World","Europe","Eastern Europe","Arkhangel'sk",2011,1,150,151,18,1,0.00809652632191,0.00809652632191,0.00809652632191,0.00809652632191,19,19,19,19,19,19,"v","18",1,1,0,0.00809652632191
"World","Europe","Eastern Europe","Arkhangel'sk",2012,1,150,151,18,1,0.00798934721624763,0.00798934721624763,0.00798934721624763,0.00798934721624763,19,19,19,19,19,19,"v","18",1,1,0,0.00798934721624763
"World","Europe","Eastern Europe","Chukot",1990,1,150,151,13,1,0.0154456874281097,0.0154456874281097,0.0154456874281097,0.0154456874281097,19,19,19,19,19,19,"v","13",1,1,0,0.0154456874281097
"World","Europe","Eastern Europe","Chukot",1991,1,150,151,13,1,0.0158855703351093,0.0158855703351093,0.0158855703351093,0.0158855703351093,19,19,19,19,19,19,"v","13",1,1,0,0.0158855703351093
"World","Europe","Eastern Europe","Chukot",1992,1,150,151,13,1,0.00708482373698783,0.00708482373698783,0.00708482373698783,0.00708482373698783,19,19,19,19,19,19,"v","13",1,1,0,0.00708482373698783
"World","Europe","Eastern Europe","Chukot",1993,1,150,151,13,1,0.0173681073048625,0.0173681073048625,0.0173681073048625,0.0173681073048625,19,19,19,19,19,19,"v","13",1,1,0,0.0173681073048625
"World","Europe","Eastern Europe","Chukot",1994,1,150,151,13,1,0.00976449575096331,0.00976449575096331,0.00976449575096331,0.00976449575096331,19,19,19,19,19,19,"v","13",1,1,0,0.00976449575096331
"World","Europe","Eastern Europe","Chukot",1995,1,150,151,13,1,0.00858119260752836,0.00858119260752836,0.00858119260752836,0.00858119260752836,19,19,19,19,19,19,"v","13",1,1,0,0.00858119260752836
"World","Europe","Eastern Europe","Chukot",1996,1,150,151,13,1,0.0103170506561721,0.0103170506561721,0.0103170506561721,0.0103170506561721,19,19,19,19,19,19,"v","13",1,1,0,0.0103170506561721
"World","Europe","Eastern Europe","Chukot",1997,1,150,151,13,1,0.0104845628243135,0.0104845628243135,0.0104845628243135,0.0104845628243135,19,19,19,19,19,19,"v","13",1,1,0,0.0104845628243135
"World","Europe","Eastern Europe","Chukot",1998,1,150,151,13,1,0.0110531800028784,0.0110531800028784,0.0110531800028784,0.0110531800028784,19,19,19,19,19,19,"v","13",1,1,0,0.0110531800028784
"World","Europe","Eastern Europe","Chukot",1999,1,150,151,13,1,0.0100823073795708,0.0100823073795708,0.0100823073795708,0.0100823073795708,19,19,19,19,19,19,"v","13",1,1,0,0.0100823073795708
"World","Europe","Eastern Europe","Chukot",2000,1,150,151,13,1,0.00948645974211874,0.00948645974211874,0.00948645974211874,0.00948645974211874,19,19,19,19,19,19,"v","13",1,1,0,0.00948645974211874
"World","Europe","Eastern Europe","Chukot",2001,1,150,151,13,1,0.0100712711203893,0.0100712711203893,0.0100712711203893,0.0100712711203893,19,19,19,19,19,19,"v","13",1,1,0,0.0100712711203893
"World","Europe","Eastern Europe","Chukot",2002,1,150,151,13,1,0.00941782918344317,0.00941782918344317,0.00941782918344317,0.00941782918344317,19,19,19,19,19,19,"v","13",1,1,0,0.00941782918344317
"World","Europe","Eastern Europe","Chukot",2003,1,150,151,13,1,0.00878227344966351,0.00878227344966351,0.00878227344966351,0.00878227344966351,19,19,19,19,19,19,"v","13",1,1,0,0.00878227344966351
"World","Europe","Eastern Europe","Chukot",2004,1,150,151,13,1,0.00886342743138177,0.00886342743138177,0.00886342743138177,0.00886342743138177,19,19,19,19,19,19,"v","13",1,1,0,0.00886342743138177
"World","Europe","Eastern Europe","Chukot",2005,1,150,151,13,1,0.0087467676769463,0.0087467676769463,0.0087467676769463,0.0087467676769463,19,19,19,19,19,19,"v","13",1,1,0,0.0087467676769463
"World","Europe","Eastern Europe","Chukot",2006,1,150,151,13,1,0.008492734182409,0.008492734182409,0.008492734182409,0.008492734182409,19,19,19,19,19,19,"v","13",1,1,0,0.008492734182409
"World","Europe","Eastern Europe","Chukot",2007,1,150,151,13,1,0.00836452114507743,0.00836452114507743,0.00836452114507743,0.00836452114507743,19,19,19,19,19,19,"v","13",1,1,0,0.00836452114507743
"World","Europe","Eastern Europe","Chukot",2008,1,150,151,13,1,0.0083089321072186,0.0083089321072186,0.0083089321072186,0.0083089321072186,19,19,19,19,19,19,"v","13",1,1,0,0.0083089321072186
"World","Europe","Eastern Europe","Chukot",2009,1,150,151,13,1,0.00910007488131586,0.00910007488131586,0.00910007488131586,0.00910007488131586,19,19,19,19,19,19,"v","13",1,1,0,0.00910007488131586
"World","Europe","Eastern Europe","Chukot",2010,1,150,151,13,1,0.00853814953138212,0.00853814953138212,0.00853814953138212,0.00853814953138212,19,19,19,19,19,19,"v","13",1,1,0,0.00853814953138212
"World","Europe","Eastern Europe","Chukot",2011,1,150,151,13,1,0.00809652632191,0.00809652632191,0.00809652632191,0.00809652632191,19,19,19,19,19,19,"v","13",1,1,0,0.00809652632191
"World","Europe","Eastern Europe","Chukot",2012,1,150,151,13,1,0.00798934721624763,0.00798934721624763,0.00798934721624763,0.00798934721624763,19,19,19,19,19,19,"v","13",1,1,0,0.00798934721624763
"World","Europe","Eastern Europe","City of St. Petersburg",1990,1,150,151,11,1,0.0154456874281097,0.0154456874281097,0.0154456874281097,0.0154456874281097,19,19,19,19,19,19,"v","11",1,1,0,0.0154456874281097
"World","Europe","Eastern Europe","City of St. Petersburg",1991,1,150,151,11,1,0.0158855703351093,0.0158855703351093,0.0158855703351093,0.0158855703351093,19,19,19,19,19,19,"v","11",1,1,0,0.0158855703351093
"World","Europe","Eastern Europe","City of St. Petersburg",1992,1,150,151,11,1,0.00708482373698783,0.00708482373698783,0.00708482373698783,0.00708482373698783,19,19,19,19,19,19,"v","11",1,1,0,0.00708482373698783
"World","Europe","Eastern Europe","City of St. Petersburg",1993,1,150,151,11,1,0.0173681073048625,0.0173681073048625,0.0173681073048625,0.0173681073048625,19,19,19,19,19,19,"v","11",1,1,0,0.0173681073048625
"World","Europe","Eastern Europe","City of St. Petersburg",1994,1,150,151,11,1,0.00976449575096331,0.00976449575096331,0.00976449575096331,0.00976449575096331,19,19,19,19,19,19,"v","11",1,1,0,0.00976449575096331
"World","Europe","Eastern Europe","City of St. Petersburg",1995,1,150,151,11,1,0.00858119260752836,0.00858119260752836,0.00858119260752836,0.00858119260752836,19,19,19,19,19,19,"v","11",1,1,0,0.00858119260752836
"World","Europe","Eastern Europe","City of St. Petersburg",1996,1,150,151,11,1,0.0103170506561721,0.0103170506561721,0.0103170506561721,0.0103170506561721,19,19,19,19,19,19,"v","11",1,1,0,0.0103170506561721
"World","Europe","Eastern Europe","City of St. Petersburg",1997,1,150,151,11,1,0.0104845628243135,0.0104845628243135,0.0104845628243135,0.0104845628243135,19,19,19,19,19,19,"v","11",1,1,0,0.0104845628243135
"World","Europe","Eastern Europe","City of St. Petersburg",1998,1,150,151,11,1,0.0110531800028784,0.0110531800028784,0.0110531800028784,0.0110531800028784,19,19,19,19,19,19,"v","11",1,1,0,0.0110531800028784
"World","Europe","Eastern Europe","City of St. Petersburg",1999,1,150,151,11,1,0.0100823073795708,0.0100823073795708,0.0100823073795708,0.0100823073795708,19,19,19,19,19,19,"v","11",1,1,0,0.0100823073795708
"World","Europe","Eastern Europe","City of St. Petersburg",2000,1,150,151,11,1,0.00948645974211874,0.00948645974211874,0.00948645974211874,0.00948645974211874,19,19,19,19,19,19,"v","11",1,1,0,0.00948645974211874
"World","Europe","Eastern Europe","City of St. Petersburg",2001,1,150,151,11,1,0.0100712711203893,0.0100712711203893,0.0100712711203893,0.0100712711203893,19,19,19,19,19,19,"v","11",1,1,0,0.0100712711203893
"World","Europe","Eastern Europe","City of St. Petersburg",2002,1,150,151,11,1,0.00941782918344317,0.00941782918344317,0.00941782918344317,0.00941782918344317,19,19,19,19,19,19,"v","11",1,1,0,0.00941782918344317
"World","Europe","Eastern Europe","City of St. Petersburg",2003,1,150,151,11,1,0.00878227344966351,0.00878227344966351,0.00878227344966351,0.00878227344966351,19,19,19,19,19,19,"v","11",1,1,0,0.00878227344966351
"World","Europe","Eastern Europe","City of St. Petersburg",2004,1,150,151,11,1,0.00886342743138177,0.00886342743138177,0.00886342743138177,0.00886342743138177,19,19,19,19,19,19,"v","11",1,1,0,0.00886342743138177
"World","Europe","Eastern Europe","City of St. Petersburg",2005,1,150,151,11,1,0.0087467676769463,0.0087467676769463,0.0087467676769463,0.0087467676769463,19,19,19,19,19,19,"v","11",1,1,0,0.0087467676769463
"World","Europe","Eastern Europe","City of St. Petersburg",2006,1,150,151,11,1,0.008492734182409,0.008492734182409,0.008492734182409,0.008492734182409,19,19,19,19,19,19,"v","11",1,1,0,0.008492734182409
"World","Europe","Eastern Europe","City of St. Petersburg",2007,1,150,151,11,1,0.00836452114507743,0.00836452114507743,0.00836452114507743,0.00836452114507743,19,19,19,19,19,19,"v","11",1,1,0,0.00836452114507743
"World","Europe","Eastern Europe","City of St. Petersburg",2008,1,150,151,11,1,0.0083089321072186,0.0083089321072186,0.0083089321072186,0.0083089321072186,19,19,19,19,19,19,"v","11",1,1,0,0.0083089321072186
"World","Europe","Eastern Europe","City of St. Petersburg",2009,1,150,151,11,1,0.00910007488131586,0.00910007488131586,0.00910007488131586,0.00910007488131586,19,19,19,19,19,19,"v","11",1,1,0,0.00910007488131586
"World","Europe","Eastern Europe","City of St. Petersburg",2010,1,150,151,11,1,0.00853814953138212,0.00853814953138212,0.00853814953138212,0.00853814953138212,19,19,19,19,19,19,"v","11",1,1,0,0.00853814953138212
"World","Europe","Eastern Europe","City of St. Petersburg",2011,1,150,151,11,1,0.00809652632191,0.00809652632191,0.00809652632191,0.00809652632191,19,19,19,19,19,19,"v","11",1,1,0,0.00809652632191
"World","Europe","Eastern Europe","City of St. Petersburg",2012,1,150,151,11,1,0.00798934721624763,0.00798934721624763,0.00798934721624763,0.00798934721624763,19,19,19,19,19,19,"v","11",1,1,0,0.00798934721624763
"World","Europe","Eastern Europe","Kaliningrad",1990,1,150,151,6,1,0.0154456874281097,0.0154456874281097,0.0154456874281097,0.0154456874281097,19,19,19,19,19,19,"v","6",1,1,0,0.0154456874281097
"World","Europe","Eastern Europe","Kaliningrad",1991,1,150,151,6,1,0.0158855703351093,0.0158855703351093,0.0158855703351093,0.0158855703351093,19,19,19,19,19,19,"v","6",1,1,0,0.0158855703351093
"World","Europe","Eastern Europe","Kaliningrad",1992,1,150,151,6,1,0.00708482373698783,0.00708482373698783,0.00708482373698783,0.00708482373698783,19,19,19,19,19,19,"v","6",1,1,0,0.00708482373698783
"World","Europe","Eastern Europe","Kaliningrad",1993,1,150,151,6,1,0.0173681073048625,0.0173681073048625,0.0173681073048625,0.0173681073048625,19,19,19,19,19,19,"v","6",1,1,0,0.0173681073048625
"World","Europe","Eastern Europe","Kaliningrad",1994,1,150,151,6,1,0.00976449575096331,0.00976449575096331,0.00976449575096331,0.00976449575096331,19,19,19,19,19,19,"v","6",1,1,0,0.00976449575096331
"World","Europe","Eastern Europe","Kaliningrad",1995,1,150,151,6,1,0.00858119260752836,0.00858119260752836,0.00858119260752836,0.00858119260752836,19,19,19,19,19,19,"v","6",1,1,0,0.00858119260752836
"World","Europe","Eastern Europe","Kaliningrad",1996,1,150,151,6,1,0.0103170506561721,0.0103170506561721,0.0103170506561721,0.0103170506561721,19,19,19,19,19,19,"v","6",1,1,0,0.0103170506561721
"World","Europe","Eastern Europe","Kaliningrad",1997,1,150,151,6,1,0.0104845628243135,0.0104845628243135,0.0104845628243135,0.0104845628243135,19,19,19,19,19,19,"v","6",1,1,0,0.0104845628243135
"World","Europe","Eastern Europe","Kaliningrad",1998,1,150,151,6,1,0.0110531800028784,0.0110531800028784,0.0110531800028784,0.0110531800028784,19,19,19,19,19,19,"v","6",1,1,0,0.0110531800028784
"World","Europe","Eastern Europe","Kaliningrad",1999,1,150,151,6,1,0.0100823073795708,0.0100823073795708,0.0100823073795708,0.0100823073795708,19,19,19,19,19,19,"v","6",1,1,0,0.0100823073795708
"World","Europe","Eastern Europe","Kaliningrad",2000,1,150,151,6,1,0.00948645974211874,0.00948645974211874,0.00948645974211874,0.00948645974211874,19,19,19,19,19,19,"v","6",1,1,0,0.00948645974211874
"World","Europe","Eastern Europe","Kaliningrad",2001,1,150,151,6,1,0.0100712711203893,0.0100712711203893,0.0100712711203893,0.0100712711203893,19,19,19,19,19,19,"v","6",1,1,0,0.0100712711203893
"World","Europe","Eastern Europe","Kaliningrad",2002,1,150,151,6,1,0.00941782918344317,0.00941782918344317,0.00941782918344317,0.00941782918344317,19,19,19,19,19,19,"v","6",1,1,0,0.00941782918344317
"World","Europe","Eastern Europe","Kaliningrad",2003,1,150,151,6,1,0.00878227344966351,0.00878227344966351,0.00878227344966351,0.00878227344966351,19,19,19,19,19,19,"v","6",1,1,0,0.00878227344966351
"World","Europe","Eastern Europe","Kaliningrad",2004,1,150,151,6,1,0.00886342743138177,0.00886342743138177,0.00886342743138177,0.00886342743138177,19,19,19,19,19,19,"v","6",1,1,0,0.00886342743138177
"World","Europe","Eastern Europe","Kaliningrad",2005,1,150,151,6,1,0.0087467676769463,0.0087467676769463,0.0087467676769463,0.0087467676769463,19,19,19,19,19,19,"v","6",1,1,0,0.0087467676769463
"World","Europe","Eastern Europe","Kaliningrad",2006,1,150,151,6,1,0.008492734182409,0.008492734182409,0.008492734182409,0.008492734182409,19,19,19,19,19,19,"v","6",1,1,0,0.008492734182409
"World","Europe","Eastern Europe","Kaliningrad",2007,1,150,151,6,1,0.00836452114507743,0.00836452114507743,0.00836452114507743,0.00836452114507743,19,19,19,19,19,19,"v","6",1,1,0,0.00836452114507743
"World","Europe","Eastern Europe","Kaliningrad",2008,1,150,151,6,1,0.0083089321072186,0.0083089321072186,0.0083089321072186,0.0083089321072186,19,19,19,19,19,19,"v","6",1,1,0,0.0083089321072186
"World","Europe","Eastern Europe","Kaliningrad",2009,1,150,151,6,1,0.00910007488131586,0.00910007488131586,0.00910007488131586,0.00910007488131586,19,19,19,19,19,19,"v","6",1,1,0,0.00910007488131586
"World","Europe","Eastern Europe","Kaliningrad",2010,1,150,151,6,1,0.00853814953138212,0.00853814953138212,0.00853814953138212,0.00853814953138212,19,19,19,19,19,19,"v","6",1,1,0,0.00853814953138212
"World","Europe","Eastern Europe","Kaliningrad",2011,1,150,151,6,1,0.00809652632191,0.00809652632191,0.00809652632191,0.00809652632191,19,19,19,19,19,19,"v","6",1,1,0,0.00809652632191
"World","Europe","Eastern Europe","Kaliningrad",2012,1,150,151,6,1,0.00798934721624763,0.00798934721624763,0.00798934721624763,0.00798934721624763,19,19,19,19,19,19,"v","6",1,1,0,0.00798934721624763
"World","Europe","Eastern Europe","Kamchatka",1990,1,150,151,5,1,0.0154456874281097,0.0154456874281097,0.0154456874281097,0.0154456874281097,19,19,19,19,19,19,"v","5",1,1,0,0.0154456874281097
"World","Europe","Eastern Europe","Kamchatka",1991,1,150,151,5,1,0.0158855703351093,0.0158855703351093,0.0158855703351093,0.0158855703351093,19,19,19,19,19,19,"v","5",1,1,0,0.0158855703351093
"World","Europe","Eastern Europe","Kamchatka",1992,1,150,151,5,1,0.00708482373698783,0.00708482373698783,0.00708482373698783,0.00708482373698783,19,19,19,19,19,19,"v","5",1,1,0,0.00708482373698783
"World","Europe","Eastern Europe","Kamchatka",1993,1,150,151,5,1,0.0173681073048625,0.0173681073048625,0.0173681073048625,0.0173681073048625,19,19,19,19,19,19,"v","5",1,1,0,0.0173681073048625
"World","Europe","Eastern Europe","Kamchatka",1994,1,150,151,5,1,0.00976449575096331,0.00976449575096331,0.00976449575096331,0.00976449575096331,19,19,19,19,19,19,"v","5",1,1,0,0.00976449575096331
"World","Europe","Eastern Europe","Kamchatka",1995,1,150,151,5,1,0.00858119260752836,0.00858119260752836,0.00858119260752836,0.00858119260752836,19,19,19,19,19,19,"v","5",1,1,0,0.00858119260752836
"World","Europe","Eastern Europe","Kamchatka",1996,1,150,151,5,1,0.0103170506561721,0.0103170506561721,0.0103170506561721,0.0103170506561721,19,19,19,19,19,19,"v","5",1,1,0,0.0103170506561721
"World","Europe","Eastern Europe","Kamchatka",1997,1,150,151,5,1,0.0104845628243135,0.0104845628243135,0.0104845628243135,0.0104845628243135,19,19,19,19,19,19,"v","5",1,1,0,0.0104845628243135
"World","Europe","Eastern Europe","Kamchatka",1998,1,150,151,5,1,0.0110531800028784,0.0110531800028784,0.0110531800028784,0.0110531800028784,19,19,19,19,19,19,"v","5",1,1,0,0.0110531800028784
"World","Europe","Eastern Europe","Kamchatka",1999,1,150,151,5,1,0.0100823073795708,0.0100823073795708,0.0100823073795708,0.0100823073795708,19,19,19,19,19,19,"v","5",1,1,0,0.0100823073795708
"World","Europe","Eastern Europe","Kamchatka",2000,1,150,151,5,1,0.00948645974211874,0.00948645974211874,0.00948645974211874,0.00948645974211874,19,19,19,19,19,19,"v","5",1,1,0,0.00948645974211874
"World","Europe","Eastern Europe","Kamchatka",2001,1,150,151,5,1,0.0100712711203893,0.0100712711203893,0.0100712711203893,0.0100712711203893,19,19,19,19,19,19,"v","5",1,1,0,0.0100712711203893
"World","Europe","Eastern Europe","Kamchatka",2002,1,150,151,5,1,0.00941782918344317,0.00941782918344317,0.00941782918344317,0.00941782918344317,19,19,19,19,19,19,"v","5",1,1,0,0.00941782918344317
"World","Europe","Eastern Europe","Kamchatka",2003,1,150,151,5,1,0.00878227344966351,0.00878227344966351,0.00878227344966351,0.00878227344966351,19,19,19,19,19,19,"v","5",1,1,0,0.00878227344966351
"World","Europe","Eastern Europe","Kamchatka",2004,1,150,151,5,1,0.00886342743138177,0.00886342743138177,0.00886342743138177,0.00886342743138177,19,19,19,19,19,19,"v","5",1,1,0,0.00886342743138177
"World","Europe","Eastern Europe","Kamchatka",2005,1,150,151,5,1,0.0087467676769463,0.0087467676769463,0.0087467676769463,0.0087467676769463,19,19,19,19,19,19,"v","5",1,1,0,0.0087467676769463
"World","Europe","Eastern Europe","Kamchatka",2006,1,150,151,5,1,0.008492734182409,0.008492734182409,0.008492734182409,0.008492734182409,19,19,19,19,19,19,"v","5",1,1,0,0.008492734182409
"World","Europe","Eastern Europe","Kamchatka",2007,1,150,151,5,1,0.00836452114507743,0.00836452114507743,0.00836452114507743,0.00836452114507743,19,19,19,19,19,19,"v","5",1,1,0,0.00836452114507743
"World","Europe","Eastern Europe","Kamchatka",2008,1,150,151,5,1,0.0083089321072186,0.0083089321072186,0.0083089321072186,0.0083089321072186,19,19,19,19,19,19,"v","5",1,1,0,0.0083089321072186
"World","Europe","Eastern Europe","Kamchatka",2009,1,150,151,5,1,0.00910007488131586,0.00910007488131586,0.00910007488131586,0.00910007488131586,19,19,19,19,19,19,"v","5",1,1,0,0.00910007488131586
"World","Europe","Eastern Europe","Kamchatka",2010,1,150,151,5,1,0.00853814953138212,0.00853814953138212,0.00853814953138212,0.00853814953138212,19,19,19,19,19,19,"v","5",1,1,0,0.00853814953138212
"World","Europe","Eastern Europe","Kamchatka",2011,1,150,151,5,1,0.00809652632191,0.00809652632191,0.00809652632191,0.00809652632191,19,19,19,19,19,19,"v","5",1,1,0,0.00809652632191
"World","Europe","Eastern Europe","Kamchatka",2012,1,150,151,5,1,0.00798934721624763,0.00798934721624763,0.00798934721624763,0.00798934721624763,19,19,19,19,19,19,"v","5",1,1,0,0.00798934721624763
"World","Europe","Eastern Europe","Karelia",1990,1,150,151,12,1,0.0154456874281097,0.0154456874281097,0.0154456874281097,0.0154456874281097,19,19,19,19,19,19,"v","12",1,1,0,0.0154456874281097
"World","Europe","Eastern Europe","Karelia",1991,1,150,151,12,1,0.0158855703351093,0.0158855703351093,0.0158855703351093,0.0158855703351093,19,19,19,19,19,19,"v","12",1,1,0,0.0158855703351093
"World","Europe","Eastern Europe","Karelia",1992,1,150,151,12,1,0.00708482373698783,0.00708482373698783,0.00708482373698783,0.00708482373698783,19,19,19,19,19,19,"v","12",1,1,0,0.00708482373698783
"World","Europe","Eastern Europe","Karelia",1993,1,150,151,12,1,0.0173681073048625,0.0173681073048625,0.0173681073048625,0.0173681073048625,19,19,19,19,19,19,"v","12",1,1,0,0.0173681073048625
"World","Europe","Eastern Europe","Karelia",1994,1,150,151,12,1,0.00976449575096331,0.00976449575096331,0.00976449575096331,0.00976449575096331,19,19,19,19,19,19,"v","12",1,1,0,0.00976449575096331
"World","Europe","Eastern Europe","Karelia",1995,1,150,151,12,1,0.00858119260752836,0.00858119260752836,0.00858119260752836,0.00858119260752836,19,19,19,19,19,19,"v","12",1,1,0,0.00858119260752836
"World","Europe","Eastern Europe","Karelia",1996,1,150,151,12,1,0.0103170506561721,0.0103170506561721,0.0103170506561721,0.0103170506561721,19,19,19,19,19,19,"v","12",1,1,0,0.0103170506561721
"World","Europe","Eastern Europe","Karelia",1997,1,150,151,12,1,0.0104845628243135,0.0104845628243135,0.0104845628243135,0.0104845628243135,19,19,19,19,19,19,"v","12",1,1,0,0.0104845628243135
"World","Europe","Eastern Europe","Karelia",1998,1,150,151,12,1,0.0110531800028784,0.0110531800028784,0.0110531800028784,0.0110531800028784,19,19,19,19,19,19,"v","12",1,1,0,0.0110531800028784
"World","Europe","Eastern Europe","Karelia",1999,1,150,151,12,1,0.0100823073795708,0.0100823073795708,0.0100823073795708,0.0100823073795708,19,19,19,19,19,19,"v","12",1,1,0,0.0100823073795708
"World","Europe","Eastern Europe","Karelia",2000,1,150,151,12,1,0.00948645974211874,0.00948645974211874,0.00948645974211874,0.00948645974211874,19,19,19,19,19,19,"v","12",1,1,0,0.00948645974211874
"World","Europe","Eastern Europe","Karelia",2001,1,150,151,12,1,0.0100712711203893,0.0100712711203893,0.0100712711203893,0.0100712711203893,19,19,19,19,19,19,"v","12",1,1,0,0.0100712711203893
"World","Europe","Eastern Europe","Karelia",2002,1,150,151,12,1,0.00941782918344317,0.00941782918344317,0.00941782918344317,0.00941782918344317,19,19,19,19,19,19,"v","12",1,1,0,0.00941782918344317
"World","Europe","Eastern Europe","Karelia",2003,1,150,151,12,1,0.00878227344966351,0.00878227344966351,0.00878227344966351,0.00878227344966351,19,19,19,19,19,19,"v","12",1,1,0,0.00878227344966351
"World","Europe","Eastern Europe","Karelia",2004,1,150,151,12,1,0.00886342743138177,0.00886342743138177,0.00886342743138177,0.00886342743138177,19,19,19,19,19,19,"v","12",1,1,0,0.00886342743138177
"World","Europe","Eastern Europe","Karelia",2005,1,150,151,12,1,0.0087467676769463,0.0087467676769463,0.0087467676769463,0.0087467676769463,19,19,19,19,19,19,"v","12",1,1,0,0.0087467676769463
"World","Europe","Eastern Europe","Karelia",2006,1,150,151,12,1,0.008492734182409,0.008492734182409,0.008492734182409,0.008492734182409,19,19,19,19,19,19,"v","12",1,1,0,0.008492734182409
"World","Europe","Eastern Europe","Karelia",2007,1,150,151,12,1,0.00836452114507743,0.00836452114507743,0.00836452114507743,0.00836452114507743,19,19,19,19,19,19,"v","12",1,1,0,0.00836452114507743
"World","Europe","Eastern Europe","Karelia",2008,1,150,151,12,1,0.0083089321072186,0.0083089321072186,0.0083089321072186,0.0083089321072186,19,19,19,19,19,19,"v","12",1,1,0,0.0083089321072186
"World","Europe","Eastern Europe","Karelia",2009,1,150,151,12,1,0.00910007488131586,0.00910007488131586,0.00910007488131586,0.00910007488131586,19,19,19,19,19,19,"v","12",1,1,0,0.00910007488131586
"World","Europe","Eastern Europe","Karelia",2010,1,150,151,12,1,0.00853814953138212,0.00853814953138212,0.00853814953138212,0.00853814953138212,19,19,19,19,19,19,"v","12",1,1,0,0.00853814953138212
"World","Europe","Eastern Europe","Karelia",2011,1,150,151,12,1,0.00809652632191,0.00809652632191,0.00809652632191,0.00809652632191,19,19,19,19,19,19,"v","12",1,1,0,0.00809652632191
"World","Europe","Eastern Europe","Karelia",2012,1,150,151,12,1,0.00798934721624763,0.00798934721624763,0.00798934721624763,0.00798934721624763,19,19,19,19,19,19,"v","12",1,1,0,0.00798934721624763
"World","Europe","Eastern Europe","Khabarovsk",1990,1,150,151,7,1,0.0154456874281097,0.0154456874281097,0.0154456874281097,0.0154456874281097,19,19,19,19,19,19,"v","7",1,1,0,0.0154456874281097
"World","Europe","Eastern Europe","Khabarovsk",1991,1,150,151,7,1,0.0158855703351093,0.0158855703351093,0.0158855703351093,0.0158855703351093,19,19,19,19,19,19,"v","7",1,1,0,0.0158855703351093
"World","Europe","Eastern Europe","Khabarovsk",1992,1,150,151,7,1,0.00708482373698783,0.00708482373698783,0.00708482373698783,0.00708482373698783,19,19,19,19,19,19,"v","7",1,1,0,0.00708482373698783
"World","Europe","Eastern Europe","Khabarovsk",1993,1,150,151,7,1,0.0173681073048625,0.0173681073048625,0.0173681073048625,0.0173681073048625,19,19,19,19,19,19,"v","7",1,1,0,0.0173681073048625
"World","Europe","Eastern Europe","Khabarovsk",1994,1,150,151,7,1,0.00976449575096331,0.00976449575096331,0.00976449575096331,0.00976449575096331,19,19,19,19,19,19,"v","7",1,1,0,0.00976449575096331
"World","Europe","Eastern Europe","Khabarovsk",1995,1,150,151,7,1,0.00858119260752836,0.00858119260752836,0.00858119260752836,0.00858119260752836,19,19,19,19,19,19,"v","7",1,1,0,0.00858119260752836
"World","Europe","Eastern Europe","Khabarovsk",1996,1,150,151,7,1,0.0103170506561721,0.0103170506561721,0.0103170506561721,0.0103170506561721,19,19,19,19,19,19,"v","7",1,1,0,0.0103170506561721
"World","Europe","Eastern Europe","Khabarovsk",1997,1,150,151,7,1,0.0104845628243135,0.0104845628243135,0.0104845628243135,0.0104845628243135,19,19,19,19,19,19,"v","7",1,1,0,0.0104845628243135
"World","Europe","Eastern Europe","Khabarovsk",1998,1,150,151,7,1,0.0110531800028784,0.0110531800028784,0.0110531800028784,0.0110531800028784,19,19,19,19,19,19,"v","7",1,1,0,0.0110531800028784
"World","Europe","Eastern Europe","Khabarovsk",1999,1,150,151,7,1,0.0100823073795708,0.0100823073795708,0.0100823073795708,0.0100823073795708,19,19,19,19,19,19,"v","7",1,1,0,0.0100823073795708
"World","Europe","Eastern Europe","Khabarovsk",2000,1,150,151,7,1,0.00948645974211874,0.00948645974211874,0.00948645974211874,0.00948645974211874,19,19,19,19,19,19,"v","7",1,1,0,0.00948645974211874
"World","Europe","Eastern Europe","Khabarovsk",2001,1,150,151,7,1,0.0100712711203893,0.0100712711203893,0.0100712711203893,0.0100712711203893,19,19,19,19,19,19,"v","7",1,1,0,0.0100712711203893
"World","Europe","Eastern Europe","Khabarovsk",2002,1,150,151,7,1,0.00941782918344317,0.00941782918344317,0.00941782918344317,0.00941782918344317,19,19,19,19,19,19,"v","7",1,1,0,0.00941782918344317
"World","Europe","Eastern Europe","Khabarovsk",2003,1,150,151,7,1,0.00878227344966351,0.00878227344966351,0.00878227344966351,0.00878227344966351,19,19,19,19,19,19,"v","7",1,1,0,0.00878227344966351
"World","Europe","Eastern Europe","Khabarovsk",2004,1,150,151,7,1,0.00886342743138177,0.00886342743138177,0.00886342743138177,0.00886342743138177,19,19,19,19,19,19,"v","7",1,1,0,0.00886342743138177
"World","Europe","Eastern Europe","Khabarovsk",2005,1,150,151,7,1,0.0087467676769463,0.0087467676769463,0.0087467676769463,0.0087467676769463,19,19,19,19,19,19,"v","7",1,1,0,0.0087467676769463
"World","Europe","Eastern Europe","Khabarovsk",2006,1,150,151,7,1,0.008492734182409,0.008492734182409,0.008492734182409,0.008492734182409,19,19,19,19,19,19,"v","7",1,1,0,0.008492734182409
"World","Europe","Eastern Europe","Khabarovsk",2007,1,150,151,7,1,0.00836452114507743,0.00836452114507743,0.00836452114507743,0.00836452114507743,19,19,19,19,19,19,"v","7",1,1,0,0.00836452114507743
"World","Europe","Eastern Europe","Khabarovsk",2008,1,150,151,7,1,0.0083089321072186,0.0083089321072186,0.0083089321072186,0.0083089321072186,19,19,19,19,19,19,"v","7",1,1,0,0.0083089321072186
"World","Europe","Eastern Europe","Khabarovsk",2009,1,150,151,7,1,0.00910007488131586,0.00910007488131586,0.00910007488131586,0.00910007488131586,19,19,19,19,19,19,"v","7",1,1,0,0.00910007488131586
"World","Europe","Eastern Europe","Khabarovsk",2010,1,150,151,7,1,0.00853814953138212,0.00853814953138212,0.00853814953138212,0.00853814953138212,19,19,19,19,19,19,"v","7",1,1,0,0.00853814953138212
"World","Europe","Eastern Europe","Khabarovsk",2011,1,150,151,7,1,0.00809652632191,0.00809652632191,0.00809652632191,0.00809652632191,19,19,19,19,19,19,"v","7",1,1,0,0.00809652632191
"World","Europe","Eastern Europe","Khabarovsk",2012,1,150,151,7,1,0.00798934721624763,0.00798934721624763,0.00798934721624763,0.00798934721624763,19,19,19,19,19,19,"v","7",1,1,0,0.00798934721624763
"World","Europe","Eastern Europe","Koryak",1990,1,150,151,8,1,0.0154456874281097,0.0154456874281097,0.0154456874281097,0.0154456874281097,19,19,19,19,19,19,"v","8",1,1,0,0.0154456874281097
"World","Europe","Eastern Europe","Koryak",1991,1,150,151,8,1,0.0158855703351093,0.0158855703351093,0.0158855703351093,0.0158855703351093,19,19,19,19,19,19,"v","8",1,1,0,0.0158855703351093
"World","Europe","Eastern Europe","Koryak",1992,1,150,151,8,1,0.00708482373698783,0.00708482373698783,0.00708482373698783,0.00708482373698783,19,19,19,19,19,19,"v","8",1,1,0,0.00708482373698783
"World","Europe","Eastern Europe","Koryak",1993,1,150,151,8,1,0.0173681073048625,0.0173681073048625,0.0173681073048625,0.0173681073048625,19,19,19,19,19,19,"v","8",1,1,0,0.0173681073048625
"World","Europe","Eastern Europe","Koryak",1994,1,150,151,8,1,0.00976449575096331,0.00976449575096331,0.00976449575096331,0.00976449575096331,19,19,19,19,19,19,"v","8",1,1,0,0.00976449575096331
"World","Europe","Eastern Europe","Koryak",1995,1,150,151,8,1,0.00858119260752836,0.00858119260752836,0.00858119260752836,0.00858119260752836,19,19,19,19,19,19,"v","8",1,1,0,0.00858119260752836
"World","Europe","Eastern Europe","Koryak",1996,1,150,151,8,1,0.0103170506561721,0.0103170506561721,0.0103170506561721,0.0103170506561721,19,19,19,19,19,19,"v","8",1,1,0,0.0103170506561721
"World","Europe","Eastern Europe","Koryak",1997,1,150,151,8,1,0.0104845628243135,0.0104845628243135,0.0104845628243135,0.0104845628243135,19,19,19,19,19,19,"v","8",1,1,0,0.0104845628243135
"World","Europe","Eastern Europe","Koryak",1998,1,150,151,8,1,0.0110531800028784,0.0110531800028784,0.0110531800028784,0.0110531800028784,19,19,19,19,19,19,"v","8",1,1,0,0.0110531800028784
"World","Europe","Eastern Europe","Koryak",1999,1,150,151,8,1,0.0100823073795708,0.0100823073795708,0.0100823073795708,0.0100823073795708,19,19,19,19,19,19,"v","8",1,1,0,0.0100823073795708
"World","Europe","Eastern Europe","Koryak",2000,1,150,151,8,1,0.00948645974211874,0.00948645974211874,0.00948645974211874,0.00948645974211874,19,19,19,19,19,19,"v","8",1,1,0,0.00948645974211874
"World","Europe","Eastern Europe","Koryak",2001,1,150,151,8,1,0.0100712711203893,0.0100712711203893,0.0100712711203893,0.0100712711203893,19,19,19,19,19,19,"v","8",1,1,0,0.0100712711203893
"World","Europe","Eastern Europe","Koryak",2002,1,150,151,8,1,0.00941782918344317,0.00941782918344317,0.00941782918344317,0.00941782918344317,19,19,19,19,19,19,"v","8",1,1,0,0.00941782918344317
"World","Europe","Eastern Europe","Koryak",2003,1,150,151,8,1,0.00878227344966351,0.00878227344966351,0.00878227344966351,0.00878227344966351,19,19,19,19,19,19,"v","8",1,1,0,0.00878227344966351
"World","Europe","Eastern Europe","Koryak",2004,1,150,151,8,1,0.00886342743138177,0.00886342743138177,0.00886342743138177,0.00886342743138177,19,19,19,19,19,19,"v","8",1,1,0,0.00886342743138177
"World","Europe","Eastern Europe","Koryak",2005,1,150,151,8,1,0.0087467676769463,0.0087467676769463,0.0087467676769463,0.0087467676769463,19,19,19,19,19,19,"v","8",1,1,0,0.0087467676769463
"World","Europe","Eastern Europe","Koryak",2006,1,150,151,8,1,0.008492734182409,0.008492734182409,0.008492734182409,0.008492734182409,19,19,19,19,19,19,"v","8",1,1,0,0.008492734182409
"World","Europe","Eastern Europe","Koryak",2007,1,150,151,8,1,0.00836452114507743,0.00836452114507743,0.00836452114507743,0.00836452114507743,19,19,19,19,19,19,"v","8",1,1,0,0.00836452114507743
"World","Europe","Eastern Europe","Koryak",2008,1,150,151,8,1,0.0083089321072186,0.0083089321072186,0.0083089321072186,0.0083089321072186,19,19,19,19,19,19,"v","8",1,1,0,0.0083089321072186
"World","Europe","Eastern Europe","Koryak",2009,1,150,151,8,1,0.00910007488131586,0.00910007488131586,0.00910007488131586,0.00910007488131586,19,19,19,19,19,19,"v","8",1,1,0,0.00910007488131586
"World","Europe","Eastern Europe","Koryak",2010,1,150,151,8,1,0.00853814953138212,0.00853814953138212,0.00853814953138212,0.00853814953138212,19,19,19,19,19,19,"v","8",1,1,0,0.00853814953138212
"World","Europe","Eastern Europe","Koryak",2011,1,150,151,8,1,0.00809652632191,0.00809652632191,0.00809652632191,0.00809652632191,19,19,19,19,19,19,"v","8",1,1,0,0.00809652632191
"World","Europe","Eastern Europe","Koryak",2012,1,150,151,8,1,0.00798934721624763,0.00798934721624763,0.00798934721624763,0.00798934721624763,19,19,19,19,19,19,"v","8",1,1,0,0.00798934721624763
"World","Europe","Eastern Europe","Krasnodar",1990,1,150,151,2,1,0.0154456874281097,0.0154456874281097,0.0154456874281097,0.0154456874281097,19,19,19,19,19,19,"v","2",1,1,0,0.0154456874281097
"World","Europe","Eastern Europe","Krasnodar",1991,1,150,151,2,1,0.0158855703351093,0.0158855703351093,0.0158855703351093,0.0158855703351093,19,19,19,19,19,19,"v","2",1,1,0,0.0158855703351093
"World","Europe","Eastern Europe","Krasnodar",1992,1,150,151,2,1,0.00708482373698783,0.00708482373698783,0.00708482373698783,0.00708482373698783,19,19,19,19,19,19,"v","2",1,1,0,0.00708482373698783
"World","Europe","Eastern Europe","Krasnodar",1993,1,150,151,2,1,0.0173681073048625,0.0173681073048625,0.0173681073048625,0.0173681073048625,19,19,19,19,19,19,"v","2",1,1,0,0.0173681073048625
"World","Europe","Eastern Europe","Krasnodar",1994,1,150,151,2,1,0.00976449575096331,0.00976449575096331,0.00976449575096331,0.00976449575096331,19,19,19,19,19,19,"v","2",1,1,0,0.00976449575096331
"World","Europe","Eastern Europe","Krasnodar",1995,1,150,151,2,1,0.00858119260752836,0.00858119260752836,0.00858119260752836,0.00858119260752836,19,19,19,19,19,19,"v","2",1,1,0,0.00858119260752836
"World","Europe","Eastern Europe","Krasnodar",1996,1,150,151,2,1,0.0103170506561721,0.0103170506561721,0.0103170506561721,0.0103170506561721,19,19,19,19,19,19,"v","2",1,1,0,0.0103170506561721
"World","Europe","Eastern Europe","Krasnodar",1997,1,150,151,2,1,0.0104845628243135,0.0104845628243135,0.0104845628243135,0.0104845628243135,19,19,19,19,19,19,"v","2",1,1,0,0.0104845628243135
"World","Europe","Eastern Europe","Krasnodar",1998,1,150,151,2,1,0.0110531800028784,0.0110531800028784,0.0110531800028784,0.0110531800028784,19,19,19,19,19,19,"v","2",1,1,0,0.0110531800028784
"World","Europe","Eastern Europe","Krasnodar",1999,1,150,151,2,1,0.0100823073795708,0.0100823073795708,0.0100823073795708,0.0100823073795708,19,19,19,19,19,19,"v","2",1,1,0,0.0100823073795708
"World","Europe","Eastern Europe","Krasnodar",2000,1,150,151,2,1,0.00948645974211874,0.00948645974211874,0.00948645974211874,0.00948645974211874,19,19,19,19,19,19,"v","2",1,1,0,0.00948645974211874
"World","Europe","Eastern Europe","Krasnodar",2001,1,150,151,2,1,0.0100712711203893,0.0100712711203893,0.0100712711203893,0.0100712711203893,19,19,19,19,19,19,"v","2",1,1,0,0.0100712711203893
"World","Europe","Eastern Europe","Krasnodar",2002,1,150,151,2,1,0.00941782918344317,0.00941782918344317,0.00941782918344317,0.00941782918344317,19,19,19,19,19,19,"v","2",1,1,0,0.00941782918344317
"World","Europe","Eastern Europe","Krasnodar",2003,1,150,151,2,1,0.00878227344966351,0.00878227344966351,0.00878227344966351,0.00878227344966351,19,19,19,19,19,19,"v","2",1,1,0,0.00878227344966351
"World","Europe","Eastern Europe","Krasnodar",2004,1,150,151,2,1,0.00886342743138177,0.00886342743138177,0.00886342743138177,0.00886342743138177,19,19,19,19,19,19,"v","2",1,1,0,0.00886342743138177
"World","Europe","Eastern Europe","Krasnodar",2005,1,150,151,2,1,0.0087467676769463,0.0087467676769463,0.0087467676769463,0.0087467676769463,19,19,19,19,19,19,"v","2",1,1,0,0.0087467676769463
"World","Europe","Eastern Europe","Krasnodar",2006,1,150,151,2,1,0.008492734182409,0.008492734182409,0.008492734182409,0.008492734182409,19,19,19,19,19,19,"v","2",1,1,0,0.008492734182409
"World","Europe","Eastern Europe","Krasnodar",2007,1,150,151,2,1,0.00836452114507743,0.00836452114507743,0.00836452114507743,0.00836452114507743,19,19,19,19,19,19,"v","2",1,1,0,0.00836452114507743
"World","Europe","Eastern Europe","Krasnodar",2008,1,150,151,2,1,0.0083089321072186,0.0083089321072186,0.0083089321072186,0.0083089321072186,19,19,19,19,19,19,"v","2",1,1,0,0.0083089321072186
"World","Europe","Eastern Europe","Krasnodar",2009,1,150,151,2,1,0.00910007488131586,0.00910007488131586,0.00910007488131586,0.00910007488131586,19,19,19,19,19,19,"v","2",1,1,0,0.00910007488131586
"World","Europe","Eastern Europe","Krasnodar",2010,1,150,151,2,1,0.00853814953138212,0.00853814953138212,0.00853814953138212,0.00853814953138212,19,19,19,19,19,19,"v","2",1,1,0,0.00853814953138212
"World","Europe","Eastern Europe","Krasnodar",2011,1,150,151,2,1,0.00809652632191,0.00809652632191,0.00809652632191,0.00809652632191,19,19,19,19,19,19,"v","2",1,1,0,0.00809652632191
"World","Europe","Eastern Europe","Krasnodar",2012,1,150,151,2,1,0.00798934721624763,0.00798934721624763,0.00798934721624763,0.00798934721624763,19,19,19,19,19,19,"v","2",1,1,0,0.00798934721624763
"World","Europe","Eastern Europe","Leningrad",1990,1,150,151,10,1,0.0154456874281097,0.0154456874281097,0.0154456874281097,0.0154456874281097,19,19,19,19,19,19,"v","10",1,1,0,0.0154456874281097
"World","Europe","Eastern Europe","Leningrad",1991,1,150,151,10,1,0.0158855703351093,0.0158855703351093,0.0158855703351093,0.0158855703351093,19,19,19,19,19,19,"v","10",1,1,0,0.0158855703351093
"World","Europe","Eastern Europe","Leningrad",1992,1,150,151,10,1,0.00708482373698783,0.00708482373698783,0.00708482373698783,0.00708482373698783,19,19,19,19,19,19,"v","10",1,1,0,0.00708482373698783
"World","Europe","Eastern Europe","Leningrad",1993,1,150,151,10,1,0.0173681073048625,0.0173681073048625,0.0173681073048625,0.0173681073048625,19,19,19,19,19,19,"v","10",1,1,0,0.0173681073048625
"World","Europe","Eastern Europe","Leningrad",1994,1,150,151,10,1,0.00976449575096331,0.00976449575096331,0.00976449575096331,0.00976449575096331,19,19,19,19,19,19,"v","10",1,1,0,0.00976449575096331
"World","Europe","Eastern Europe","Leningrad",1995,1,150,151,10,1,0.00858119260752836,0.00858119260752836,0.00858119260752836,0.00858119260752836,19,19,19,19,19,19,"v","10",1,1,0,0.00858119260752836
"World","Europe","Eastern Europe","Leningrad",1996,1,150,151,10,1,0.0103170506561721,0.0103170506561721,0.0103170506561721,0.0103170506561721,19,19,19,19,19,19,"v","10",1,1,0,0.0103170506561721
"World","Europe","Eastern Europe","Leningrad",1997,1,150,151,10,1,0.0104845628243135,0.0104845628243135,0.0104845628243135,0.0104845628243135,19,19,19,19,19,19,"v","10",1,1,0,0.0104845628243135
"World","Europe","Eastern Europe","Leningrad",1998,1,150,151,10,1,0.0110531800028784,0.0110531800028784,0.0110531800028784,0.0110531800028784,19,19,19,19,19,19,"v","10",1,1,0,0.0110531800028784
"World","Europe","Eastern Europe","Leningrad",1999,1,150,151,10,1,0.0100823073795708,0.0100823073795708,0.0100823073795708,0.0100823073795708,19,19,19,19,19,19,"v","10",1,1,0,0.0100823073795708
"World","Europe","Eastern Europe","Leningrad",2000,1,150,151,10,1,0.00948645974211874,0.00948645974211874,0.00948645974211874,0.00948645974211874,19,19,19,19,19,19,"v","10",1,1,0,0.00948645974211874
"World","Europe","Eastern Europe","Leningrad",2001,1,150,151,10,1,0.0100712711203893,0.0100712711203893,0.0100712711203893,0.0100712711203893,19,19,19,19,19,19,"v","10",1,1,0,0.0100712711203893
"World","Europe","Eastern Europe","Leningrad",2002,1,150,151,10,1,0.00941782918344317,0.00941782918344317,0.00941782918344317,0.00941782918344317,19,19,19,19,19,19,"v","10",1,1,0,0.00941782918344317
"World","Europe","Eastern Europe","Leningrad",2003,1,150,151,10,1,0.00878227344966351,0.00878227344966351,0.00878227344966351,0.00878227344966351,19,19,19,19,19,19,"v","10",1,1,0,0.00878227344966351
"World","Europe","Eastern Europe","Leningrad",2004,1,150,151,10,1,0.00886342743138177,0.00886342743138177,0.00886342743138177,0.00886342743138177,19,19,19,19,19,19,"v","10",1,1,0,0.00886342743138177
"World","Europe","Eastern Europe","Leningrad",2005,1,150,151,10,1,0.0087467676769463,0.0087467676769463,0.0087467676769463,0.0087467676769463,19,19,19,19,19,19,"v","10",1,1,0,0.0087467676769463
"World","Europe","Eastern Europe","Leningrad",2006,1,150,151,10,1,0.008492734182409,0.008492734182409,0.008492734182409,0.008492734182409,19,19,19,19,19,19,"v","10",1,1,0,0.008492734182409
"World","Europe","Eastern Europe","Leningrad",2007,1,150,151,10,1,0.00836452114507743,0.00836452114507743,0.00836452114507743,0.00836452114507743,19,19,19,19,19,19,"v","10",1,1,0,0.00836452114507743
"World","Europe","Eastern Europe","Leningrad",2008,1,150,151,10,1,0.0083089321072186,0.0083089321072186,0.0083089321072186,0.0083089321072186,19,19,19,19,19,19,"v","10",1,1,0,0.0083089321072186
"World","Europe","Eastern Europe","Leningrad",2009,1,150,151,10,1,0.00910007488131586,0.00910007488131586,0.00910007488131586,0.00910007488131586,19,19,19,19,19,19,"v","10",1,1,0,0.00910007488131586
"World","Europe","Eastern Europe","Leningrad",2010,1,150,151,10,1,0.00853814953138212,0.00853814953138212,0.00853814953138212,0.00853814953138212,19,19,19,19,19,19,"v","10",1,1,0,0.00853814953138212
"World","Europe","Eastern Europe","Leningrad",2011,1,150,151,10,1,0.00809652632191,0.00809652632191,0.00809652632191,0.00809652632191,19,19,19,19,19,19,"v","10",1,1,0,0.00809652632191
"World","Europe","Eastern Europe","Leningrad",2012,1,150,151,10,1,0.00798934721624763,0.00798934721624763,0.00798934721624763,0.00798934721624763,19,19,19,19,19,19,"v","10",1,1,0,0.00798934721624763
"World","Europe","Eastern Europe","Maga Buryatdan",1990,1,150,151,9,1,0.0154456874281097,0.0154456874281097,0.0154456874281097,0.0154456874281097,19,19,19,19,19,19,"v","9",1,1,0,0.0154456874281097
"World","Europe","Eastern Europe","Maga Buryatdan",1991,1,150,151,9,1,0.0158855703351093,0.0158855703351093,0.0158855703351093,0.0158855703351093,19,19,19,19,19,19,"v","9",1,1,0,0.0158855703351093
"World","Europe","Eastern Europe","Maga Buryatdan",1992,1,150,151,9,1,0.00708482373698783,0.00708482373698783,0.00708482373698783,0.00708482373698783,19,19,19,19,19,19,"v","9",1,1,0,0.00708482373698783
"World","Europe","Eastern Europe","Maga Buryatdan",1993,1,150,151,9,1,0.0173681073048625,0.0173681073048625,0.0173681073048625,0.0173681073048625,19,19,19,19,19,19,"v","9",1,1,0,0.0173681073048625
"World","Europe","Eastern Europe","Maga Buryatdan",1994,1,150,151,9,1,0.00976449575096331,0.00976449575096331,0.00976449575096331,0.00976449575096331,19,19,19,19,19,19,"v","9",1,1,0,0.00976449575096331
"World","Europe","Eastern Europe","Maga Buryatdan",1995,1,150,151,9,1,0.00858119260752836,0.00858119260752836,0.00858119260752836,0.00858119260752836,19,19,19,19,19,19,"v","9",1,1,0,0.00858119260752836
"World","Europe","Eastern Europe","Maga Buryatdan",1996,1,150,151,9,1,0.0103170506561721,0.0103170506561721,0.0103170506561721,0.0103170506561721,19,19,19,19,19,19,"v","9",1,1,0,0.0103170506561721
"World","Europe","Eastern Europe","Maga Buryatdan",1997,1,150,151,9,1,0.0104845628243135,0.0104845628243135,0.0104845628243135,0.0104845628243135,19,19,19,19,19,19,"v","9",1,1,0,0.0104845628243135
"World","Europe","Eastern Europe","Maga Buryatdan",1998,1,150,151,9,1,0.0110531800028784,0.0110531800028784,0.0110531800028784,0.0110531800028784,19,19,19,19,19,19,"v","9",1,1,0,0.0110531800028784
"World","Europe","Eastern Europe","Maga Buryatdan",1999,1,150,151,9,1,0.0100823073795708,0.0100823073795708,0.0100823073795708,0.0100823073795708,19,19,19,19,19,19,"v","9",1,1,0,0.0100823073795708
"World","Europe","Eastern Europe","Maga Buryatdan",2000,1,150,151,9,1,0.00948645974211874,0.00948645974211874,0.00948645974211874,0.00948645974211874,19,19,19,19,19,19,"v","9",1,1,0,0.00948645974211874
"World","Europe","Eastern Europe","Maga Buryatdan",2001,1,150,151,9,1,0.0100712711203893,0.0100712711203893,0.0100712711203893,0.0100712711203893,19,19,19,19,19,19,"v","9",1,1,0,0.0100712711203893
"World","Europe","Eastern Europe","Maga Buryatdan",2002,1,150,151,9,1,0.00941782918344317,0.00941782918344317,0.00941782918344317,0.00941782918344317,19,19,19,19,19,19,"v","9",1,1,0,0.00941782918344317
"World","Europe","Eastern Europe","Maga Buryatdan",2003,1,150,151,9,1,0.00878227344966351,0.00878227344966351,0.00878227344966351,0.00878227344966351,19,19,19,19,19,19,"v","9",1,1,0,0.00878227344966351
"World","Europe","Eastern Europe","Maga Buryatdan",2004,1,150,151,9,1,0.00886342743138177,0.00886342743138177,0.00886342743138177,0.00886342743138177,19,19,19,19,19,19,"v","9",1,1,0,0.00886342743138177
"World","Europe","Eastern Europe","Maga Buryatdan",2005,1,150,151,9,1,0.0087467676769463,0.0087467676769463,0.0087467676769463,0.0087467676769463,19,19,19,19,19,19,"v","9",1,1,0,0.0087467676769463
"World","Europe","Eastern Europe","Maga Buryatdan",2006,1,150,151,9,1,0.008492734182409,0.008492734182409,0.008492734182409,0.008492734182409,19,19,19,19,19,19,"v","9",1,1,0,0.008492734182409
"World","Europe","Eastern Europe","Maga Buryatdan",2007,1,150,151,9,1,0.00836452114507743,0.00836452114507743,0.00836452114507743,0.00836452114507743,19,19,19,19,19,19,"v","9",1,1,0,0.00836452114507743
"World","Europe","Eastern Europe","Maga Buryatdan",2008,1,150,151,9,1,0.0083089321072186,0.0083089321072186,0.0083089321072186,0.0083089321072186,19,19,19,19,19,19,"v","9",1,1,0,0.0083089321072186
"World","Europe","Eastern Europe","Maga Buryatdan",2009,1,150,151,9,1,0.00910007488131586,0.00910007488131586,0.00910007488131586,0.00910007488131586,19,19,19,19,19,19,"v","9",1,1,0,0.00910007488131586
"World","Europe","Eastern Europe","Maga Buryatdan",2010,1,150,151,9,1,0.00853814953138212,0.00853814953138212,0.00853814953138212,0.00853814953138212,19,19,19,19,19,19,"v","9",1,1,0,0.00853814953138212
"World","Europe","Eastern Europe","Maga Buryatdan",2011,1,150,151,9,1,0.00809652632191,0.00809652632191,0.00809652632191,0.00809652632191,19,19,19,19,19,19,"v","9",1,1,0,0.00809652632191
"World","Europe","Eastern Europe","Maga Buryatdan",2012,1,150,151,9,1,0.00798934721624763,0.00798934721624763,0.00798934721624763,0.00798934721624763,19,19,19,19,19,19,"v","9",1,1,0,0.00798934721624763
"World","Europe","Eastern Europe","Murmansk",1990,1,150,151,16,1,0.0154456874281097,0.0154456874281097,0.0154456874281097,0.0154456874281097,19,19,19,19,19,19,"v","16",1,1,0,0.0154456874281097
"World","Europe","Eastern Europe","Murmansk",1991,1,150,151,16,1,0.0158855703351093,0.0158855703351093,0.0158855703351093,0.0158855703351093,19,19,19,19,19,19,"v","16",1,1,0,0.0158855703351093
"World","Europe","Eastern Europe","Murmansk",1992,1,150,151,16,1,0.00708482373698783,0.00708482373698783,0.00708482373698783,0.00708482373698783,19,19,19,19,19,19,"v","16",1,1,0,0.00708482373698783
"World","Europe","Eastern Europe","Murmansk",1993,1,150,151,16,1,0.0173681073048625,0.0173681073048625,0.0173681073048625,0.0173681073048625,19,19,19,19,19,19,"v","16",1,1,0,0.0173681073048625
"World","Europe","Eastern Europe","Murmansk",1994,1,150,151,16,1,0.00976449575096331,0.00976449575096331,0.00976449575096331,0.00976449575096331,19,19,19,19,19,19,"v","16",1,1,0,0.00976449575096331
"World","Europe","Eastern Europe","Murmansk",1995,1,150,151,16,1,0.00858119260752836,0.00858119260752836,0.00858119260752836,0.00858119260752836,19,19,19,19,19,19,"v","16",1,1,0,0.00858119260752836
"World","Europe","Eastern Europe","Murmansk",1996,1,150,151,16,1,0.0103170506561721,0.0103170506561721,0.0103170506561721,0.0103170506561721,19,19,19,19,19,19,"v","16",1,1,0,0.0103170506561721
"World","Europe","Eastern Europe","Murmansk",1997,1,150,151,16,1,0.0104845628243135,0.0104845628243135,0.0104845628243135,0.0104845628243135,19,19,19,19,19,19,"v","16",1,1,0,0.0104845628243135
"World","Europe","Eastern Europe","Murmansk",1998,1,150,151,16,1,0.0110531800028784,0.0110531800028784,0.0110531800028784,0.0110531800028784,19,19,19,19,19,19,"v","16",1,1,0,0.0110531800028784
"World","Europe","Eastern Europe","Murmansk",1999,1,150,151,16,1,0.0100823073795708,0.0100823073795708,0.0100823073795708,0.0100823073795708,19,19,19,19,19,19,"v","16",1,1,0,0.0100823073795708
"World","Europe","Eastern Europe","Murmansk",2000,1,150,151,16,1,0.00948645974211874,0.00948645974211874,0.00948645974211874,0.00948645974211874,19,19,19,19,19,19,"v","16",1,1,0,0.00948645974211874
"World","Europe","Eastern Europe","Murmansk",2001,1,150,151,16,1,0.0100712711203893,0.0100712711203893,0.0100712711203893,0.0100712711203893,19,19,19,19,19,19,"v","16",1,1,0,0.0100712711203893
"World","Europe","Eastern Europe","Murmansk",2002,1,150,151,16,1,0.00941782918344317,0.00941782918344317,0.00941782918344317,0.00941782918344317,19,19,19,19,19,19,"v","16",1,1,0,0.00941782918344317
"World","Europe","Eastern Europe","Murmansk",2003,1,150,151,16,1,0.00878227344966351,0.00878227344966351,0.00878227344966351,0.00878227344966351,19,19,19,19,19,19,"v","16",1,1,0,0.00878227344966351
"World","Europe","Eastern Europe","Murmansk",2004,1,150,151,16,1,0.00886342743138177,0.00886342743138177,0.00886342743138177,0.00886342743138177,19,19,19,19,19,19,"v","16",1,1,0,0.00886342743138177
"World","Europe","Eastern Europe","Murmansk",2005,1,150,151,16,1,0.0087467676769463,0.0087467676769463,0.0087467676769463,0.0087467676769463,19,19,19,19,19,19,"v","16",1,1,0,0.0087467676769463
"World","Europe","Eastern Europe","Murmansk",2006,1,150,151,16,1,0.008492734182409,0.008492734182409,0.008492734182409,0.008492734182409,19,19,19,19,19,19,"v","16",1,1,0,0.008492734182409
"World","Europe","Eastern Europe","Murmansk",2007,1,150,151,16,1,0.00836452114507743,0.00836452114507743,0.00836452114507743,0.00836452114507743,19,19,19,19,19,19,"v","16",1,1,0,0.00836452114507743
"World","Europe","Eastern Europe","Murmansk",2008,1,150,151,16,1,0.0083089321072186,0.0083089321072186,0.0083089321072186,0.0083089321072186,19,19,19,19,19,19,"v","16",1,1,0,0.0083089321072186
"World","Europe","Eastern Europe","Murmansk",2009,1,150,151,16,1,0.00910007488131586,0.00910007488131586,0.00910007488131586,0.00910007488131586,19,19,19,19,19,19,"v","16",1,1,0,0.00910007488131586
"World","Europe","Eastern Europe","Murmansk",2010,1,150,151,16,1,0.00853814953138212,0.00853814953138212,0.00853814953138212,0.00853814953138212,19,19,19,19,19,19,"v","16",1,1,0,0.00853814953138212
"World","Europe","Eastern Europe","Murmansk",2011,1,150,151,16,1,0.00809652632191,0.00809652632191,0.00809652632191,0.00809652632191,19,19,19,19,19,19,"v","16",1,1,0,0.00809652632191
"World","Europe","Eastern Europe","Murmansk",2012,1,150,151,16,1,0.00798934721624763,0.00798934721624763,0.00798934721624763,0.00798934721624763,19,19,19,19,19,19,"v","16",1,1,0,0.00798934721624763
"World","Europe","Eastern Europe","Nenets",1990,1,150,151,15,1,0.0154456874281097,0.0154456874281097,0.0154456874281097,0.0154456874281097,19,19,19,19,19,19,"v","15",1,1,0,0.0154456874281097
"World","Europe","Eastern Europe","Nenets",1991,1,150,151,15,1,0.0158855703351093,0.0158855703351093,0.0158855703351093,0.0158855703351093,19,19,19,19,19,19,"v","15",1,1,0,0.0158855703351093
"World","Europe","Eastern Europe","Nenets",1992,1,150,151,15,1,0.00708482373698783,0.00708482373698783,0.00708482373698783,0.00708482373698783,19,19,19,19,19,19,"v","15",1,1,0,0.00708482373698783
"World","Europe","Eastern Europe","Nenets",1993,1,150,151,15,1,0.0173681073048625,0.0173681073048625,0.0173681073048625,0.0173681073048625,19,19,19,19,19,19,"v","15",1,1,0,0.0173681073048625
"World","Europe","Eastern Europe","Nenets",1994,1,150,151,15,1,0.00976449575096331,0.00976449575096331,0.00976449575096331,0.00976449575096331,19,19,19,19,19,19,"v","15",1,1,0,0.00976449575096331
"World","Europe","Eastern Europe","Nenets",1995,1,150,151,15,1,0.00858119260752836,0.00858119260752836,0.00858119260752836,0.00858119260752836,19,19,19,19,19,19,"v","15",1,1,0,0.00858119260752836
"World","Europe","Eastern Europe","Nenets",1996,1,150,151,15,1,0.0103170506561721,0.0103170506561721,0.0103170506561721,0.0103170506561721,19,19,19,19,19,19,"v","15",1,1,0,0.0103170506561721
"World","Europe","Eastern Europe","Nenets",1997,1,150,151,15,1,0.0104845628243135,0.0104845628243135,0.0104845628243135,0.0104845628243135,19,19,19,19,19,19,"v","15",1,1,0,0.0104845628243135
"World","Europe","Eastern Europe","Nenets",1998,1,150,151,15,1,0.0110531800028784,0.0110531800028784,0.0110531800028784,0.0110531800028784,19,19,19,19,19,19,"v","15",1,1,0,0.0110531800028784
"World","Europe","Eastern Europe","Nenets",1999,1,150,151,15,1,0.0100823073795708,0.0100823073795708,0.0100823073795708,0.0100823073795708,19,19,19,19,19,19,"v","15",1,1,0,0.0100823073795708
"World","Europe","Eastern Europe","Nenets",2000,1,150,151,15,1,0.00948645974211874,0.00948645974211874,0.00948645974211874,0.00948645974211874,19,19,19,19,19,19,"v","15",1,1,0,0.00948645974211874
"World","Europe","Eastern Europe","Nenets",2001,1,150,151,15,1,0.0100712711203893,0.0100712711203893,0.0100712711203893,0.0100712711203893,19,19,19,19,19,19,"v","15",1,1,0,0.0100712711203893
"World","Europe","Eastern Europe","Nenets",2002,1,150,151,15,1,0.00941782918344317,0.00941782918344317,0.00941782918344317,0.00941782918344317,19,19,19,19,19,19,"v","15",1,1,0,0.00941782918344317
"World","Europe","Eastern Europe","Nenets",2003,1,150,151,15,1,0.00878227344966351,0.00878227344966351,0.00878227344966351,0.00878227344966351,19,19,19,19,19,19,"v","15",1,1,0,0.00878227344966351
"World","Europe","Eastern Europe","Nenets",2004,1,150,151,15,1,0.00886342743138177,0.00886342743138177,0.00886342743138177,0.00886342743138177,19,19,19,19,19,19,"v","15",1,1,0,0.00886342743138177
"World","Europe","Eastern Europe","Nenets",2005,1,150,151,15,1,0.0087467676769463,0.0087467676769463,0.0087467676769463,0.0087467676769463,19,19,19,19,19,19,"v","15",1,1,0,0.0087467676769463
"World","Europe","Eastern Europe","Nenets",2006,1,150,151,15,1,0.008492734182409,0.008492734182409,0.008492734182409,0.008492734182409,19,19,19,19,19,19,"v","15",1,1,0,0.008492734182409
"World","Europe","Eastern Europe","Nenets",2007,1,150,151,15,1,0.00836452114507743,0.00836452114507743,0.00836452114507743,0.00836452114507743,19,19,19,19,19,19,"v","15",1,1,0,0.00836452114507743
"World","Europe","Eastern Europe","Nenets",2008,1,150,151,15,1,0.0083089321072186,0.0083089321072186,0.0083089321072186,0.0083089321072186,19,19,19,19,19,19,"v","15",1,1,0,0.0083089321072186
"World","Europe","Eastern Europe","Nenets",2009,1,150,151,15,1,0.00910007488131586,0.00910007488131586,0.00910007488131586,0.00910007488131586,19,19,19,19,19,19,"v","15",1,1,0,0.00910007488131586
"World","Europe","Eastern Europe","Nenets",2010,1,150,151,15,1,0.00853814953138212,0.00853814953138212,0.00853814953138212,0.00853814953138212,19,19,19,19,19,19,"v","15",1,1,0,0.00853814953138212
"World","Europe","Eastern Europe","Nenets",2011,1,150,151,15,1,0.00809652632191,0.00809652632191,0.00809652632191,0.00809652632191,19,19,19,19,19,19,"v","15",1,1,0,0.00809652632191
"World","Europe","Eastern Europe","Nenets",2012,1,150,151,15,1,0.00798934721624763,0.00798934721624763,0.00798934721624763,0.00798934721624763,19,19,19,19,19,19,"v","15",1,1,0,0.00798934721624763
"World","Europe","Eastern Europe","Primor'ye",1990,1,150,151,1,1,0.0154456874281097,0.0154456874281097,0.0154456874281097,0.0154456874281097,19,19,19,19,19,19,"v","1",1,1,0,0.0154456874281097
"World","Europe","Eastern Europe","Primor'ye",1991,1,150,151,1,1,0.0158855703351093,0.0158855703351093,0.0158855703351093,0.0158855703351093,19,19,19,19,19,19,"v","1",1,1,0,0.0158855703351093
"World","Europe","Eastern Europe","Primor'ye",1992,1,150,151,1,1,0.00708482373698783,0.00708482373698783,0.00708482373698783,0.00708482373698783,19,19,19,19,19,19,"v","1",1,1,0,0.00708482373698783
"World","Europe","Eastern Europe","Primor'ye",1993,1,150,151,1,1,0.0173681073048625,0.0173681073048625,0.0173681073048625,0.0173681073048625,19,19,19,19,19,19,"v","1",1,1,0,0.0173681073048625
"World","Europe","Eastern Europe","Primor'ye",1994,1,150,151,1,1,0.00976449575096331,0.00976449575096331,0.00976449575096331,0.00976449575096331,19,19,19,19,19,19,"v","1",1,1,0,0.00976449575096331
"World","Europe","Eastern Europe","Primor'ye",1995,1,150,151,1,1,0.00858119260752836,0.00858119260752836,0.00858119260752836,0.00858119260752836,19,19,19,19,19,19,"v","1",1,1,0,0.00858119260752836
"World","Europe","Eastern Europe","Primor'ye",1996,1,150,151,1,1,0.0103170506561721,0.0103170506561721,0.0103170506561721,0.0103170506561721,19,19,19,19,19,19,"v","1",1,1,0,0.0103170506561721
"World","Europe","Eastern Europe","Primor'ye",1997,1,150,151,1,1,0.0104845628243135,0.0104845628243135,0.0104845628243135,0.0104845628243135,19,19,19,19,19,19,"v","1",1,1,0,0.0104845628243135
"World","Europe","Eastern Europe","Primor'ye",1998,1,150,151,1,1,0.0110531800028784,0.0110531800028784,0.0110531800028784,0.0110531800028784,19,19,19,19,19,19,"v","1",1,1,0,0.0110531800028784
"World","Europe","Eastern Europe","Primor'ye",1999,1,150,151,1,1,0.0100823073795708,0.0100823073795708,0.0100823073795708,0.0100823073795708,19,19,19,19,19,19,"v","1",1,1,0,0.0100823073795708
"World","Europe","Eastern Europe","Primor'ye",2000,1,150,151,1,1,0.00948645974211874,0.00948645974211874,0.00948645974211874,0.00948645974211874,19,19,19,19,19,19,"v","1",1,1,0,0.00948645974211874
"World","Europe","Eastern Europe","Primor'ye",2001,1,150,151,1,1,0.0100712711203893,0.0100712711203893,0.0100712711203893,0.0100712711203893,19,19,19,19,19,19,"v","1",1,1,0,0.0100712711203893
"World","Europe","Eastern Europe","Primor'ye",2002,1,150,151,1,1,0.00941782918344317,0.00941782918344317,0.00941782918344317,0.00941782918344317,19,19,19,19,19,19,"v","1",1,1,0,0.00941782918344317
"World","Europe","Eastern Europe","Primor'ye",2003,1,150,151,1,1,0.00878227344966351,0.00878227344966351,0.00878227344966351,0.00878227344966351,19,19,19,19,19,19,"v","1",1,1,0,0.00878227344966351
"World","Europe","Eastern Europe","Primor'ye",2004,1,150,151,1,1,0.00886342743138177,0.00886342743138177,0.00886342743138177,0.00886342743138177,19,19,19,19,19,19,"v","1",1,1,0,0.00886342743138177
"World","Europe","Eastern Europe","Primor'ye",2005,1,150,151,1,1,0.0087467676769463,0.0087467676769463,0.0087467676769463,0.0087467676769463,19,19,19,19,19,19,"v","1",1,1,0,0.0087467676769463
"World","Europe","Eastern Europe","Primor'ye",2006,1,150,151,1,1,0.008492734182409,0.008492734182409,0.008492734182409,0.008492734182409,19,19,19,19,19,19,"v","1",1,1,0,0.008492734182409
"World","Europe","Eastern Europe","Primor'ye",2007,1,150,151,1,1,0.00836452114507743,0.00836452114507743,0.00836452114507743,0.00836452114507743,19,19,19,19,19,19,"v","1",1,1,0,0.00836452114507743
"World","Europe","Eastern Europe","Primor'ye",2008,1,150,151,1,1,0.0083089321072186,0.0083089321072186,0.0083089321072186,0.0083089321072186,19,19,19,19,19,19,"v","1",1,1,0,0.0083089321072186
"World","Europe","Eastern Europe","Primor'ye",2009,1,150,151,1,1,0.00910007488131586,0.00910007488131586,0.00910007488131586,0.00910007488131586,19,19,19,19,19,19,"v","1",1,1,0,0.00910007488131586
"World","Europe","Eastern Europe","Primor'ye",2010,1,150,151,1,1,0.00853814953138212,0.00853814953138212,0.00853814953138212,0.00853814953138212,19,19,19,19,19,19,"v","1",1,1,0,0.00853814953138212
"World","Europe","Eastern Europe","Primor'ye",2011,1,150,151,1,1,0.00809652632191,0.00809652632191,0.00809652632191,0.00809652632191,19,19,19,19,19,19,"v","1",1,1,0,0.00809652632191
"World","Europe","Eastern Europe","Primor'ye",2012,1,150,151,1,1,0.00798934721624763,0.00798934721624763,0.00798934721624763,0.00798934721624763,19,19,19,19,19,19,"v","1",1,1,0,0.00798934721624763
"World","Europe","Eastern Europe","Rostov",1990,1,150,151,3,1,0.0154456874281097,0.0154456874281097,0.0154456874281097,0.0154456874281097,19,19,19,19,19,19,"v","3",1,1,0,0.0154456874281097
"World","Europe","Eastern Europe","Rostov",1991,1,150,151,3,1,0.0158855703351093,0.0158855703351093,0.0158855703351093,0.0158855703351093,19,19,19,19,19,19,"v","3",1,1,0,0.0158855703351093
"World","Europe","Eastern Europe","Rostov",1992,1,150,151,3,1,0.00708482373698783,0.00708482373698783,0.00708482373698783,0.00708482373698783,19,19,19,19,19,19,"v","3",1,1,0,0.00708482373698783
"World","Europe","Eastern Europe","Rostov",1993,1,150,151,3,1,0.0173681073048625,0.0173681073048625,0.0173681073048625,0.0173681073048625,19,19,19,19,19,19,"v","3",1,1,0,0.0173681073048625
"World","Europe","Eastern Europe","Rostov",1994,1,150,151,3,1,0.00976449575096331,0.00976449575096331,0.00976449575096331,0.00976449575096331,19,19,19,19,19,19,"v","3",1,1,0,0.00976449575096331
"World","Europe","Eastern Europe","Rostov",1995,1,150,151,3,1,0.00858119260752836,0.00858119260752836,0.00858119260752836,0.00858119260752836,19,19,19,19,19,19,"v","3",1,1,0,0.00858119260752836
"World","Europe","Eastern Europe","Rostov",1996,1,150,151,3,1,0.0103170506561721,0.0103170506561721,0.0103170506561721,0.0103170506561721,19,19,19,19,19,19,"v","3",1,1,0,0.0103170506561721
"World","Europe","Eastern Europe","Rostov",1997,1,150,151,3,1,0.0104845628243135,0.0104845628243135,0.0104845628243135,0.0104845628243135,19,19,19,19,19,19,"v","3",1,1,0,0.0104845628243135
"World","Europe","Eastern Europe","Rostov",1998,1,150,151,3,1,0.0110531800028784,0.0110531800028784,0.0110531800028784,0.0110531800028784,19,19,19,19,19,19,"v","3",1,1,0,0.0110531800028784
"World","Europe","Eastern Europe","Rostov",1999,1,150,151,3,1,0.0100823073795708,0.0100823073795708,0.0100823073795708,0.0100823073795708,19,19,19,19,19,19,"v","3",1,1,0,0.0100823073795708
"World","Europe","Eastern Europe","Rostov",2000,1,150,151,3,1,0.00948645974211874,0.00948645974211874,0.00948645974211874,0.00948645974211874,19,19,19,19,19,19,"v","3",1,1,0,0.00948645974211874
"World","Europe","Eastern Europe","Rostov",2001,1,150,151,3,1,0.0100712711203893,0.0100712711203893,0.0100712711203893,0.0100712711203893,19,19,19,19,19,19,"v","3",1,1,0,0.0100712711203893
"World","Europe","Eastern Europe","Rostov",2002,1,150,151,3,1,0.00941782918344317,0.00941782918344317,0.00941782918344317,0.00941782918344317,19,19,19,19,19,19,"v","3",1,1,0,0.00941782918344317
"World","Europe","Eastern Europe","Rostov",2003,1,150,151,3,1,0.00878227344966351,0.00878227344966351,0.00878227344966351,0.00878227344966351,19,19,19,19,19,19,"v","3",1,1,0,0.00878227344966351
"World","Europe","Eastern Europe","Rostov",2004,1,150,151,3,1,0.00886342743138177,0.00886342743138177,0.00886342743138177,0.00886342743138177,19,19,19,19,19,19,"v","3",1,1,0,0.00886342743138177
"World","Europe","Eastern Europe","Rostov",2005,1,150,151,3,1,0.0087467676769463,0.0087467676769463,0.0087467676769463,0.0087467676769463,19,19,19,19,19,19,"v","3",1,1,0,0.0087467676769463
"World","Europe","Eastern Europe","Rostov",2006,1,150,151,3,1,0.008492734182409,0.008492734182409,0.008492734182409,0.008492734182409,19,19,19,19,19,19,"v","3",1,1,0,0.008492734182409
"World","Europe","Eastern Europe","Rostov",2007,1,150,151,3,1,0.00836452114507743,0.00836452114507743,0.00836452114507743,0.00836452114507743,19,19,19,19,19,19,"v","3",1,1,0,0.00836452114507743
"World","Europe","Eastern Europe","Rostov",2008,1,150,151,3,1,0.0083089321072186,0.0083089321072186,0.0083089321072186,0.0083089321072186,19,19,19,19,19,19,"v","3",1,1,0,0.0083089321072186
"World","Europe","Eastern Europe","Rostov",2009,1,150,151,3,1,0.00910007488131586,0.00910007488131586,0.00910007488131586,0.00910007488131586,19,19,19,19,19,19,"v","3",1,1,0,0.00910007488131586
"World","Europe","Eastern Europe","Rostov",2010,1,150,151,3,1,0.00853814953138212,0.00853814953138212,0.00853814953138212,0.00853814953138212,19,19,19,19,19,19,"v","3",1,1,0,0.00853814953138212
"World","Europe","Eastern Europe","Rostov",2011,1,150,151,3,1,0.00809652632191,0.00809652632191,0.00809652632191,0.00809652632191,19,19,19,19,19,19,"v","3",1,1,0,0.00809652632191
"World","Europe","Eastern Europe","Rostov",2012,1,150,151,3,1,0.00798934721624763,0.00798934721624763,0.00798934721624763,0.00798934721624763,19,19,19,19,19,19,"v","3",1,1,0,0.00798934721624763
"World","Europe","Eastern Europe","Sakha",1990,1,150,151,17,1,0.0154456874281097,0.0154456874281097,0.0154456874281097,0.0154456874281097,19,19,19,19,19,19,"v","17",1,1,0,0.0154456874281097
"World","Europe","Eastern Europe","Sakha",1991,1,150,151,17,1,0.0158855703351093,0.0158855703351093,0.0158855703351093,0.0158855703351093,19,19,19,19,19,19,"v","17",1,1,0,0.0158855703351093
"World","Europe","Eastern Europe","Sakha",1992,1,150,151,17,1,0.00708482373698783,0.00708482373698783,0.00708482373698783,0.00708482373698783,19,19,19,19,19,19,"v","17",1,1,0,0.00708482373698783
"World","Europe","Eastern Europe","Sakha",1993,1,150,151,17,1,0.0173681073048625,0.0173681073048625,0.0173681073048625,0.0173681073048625,19,19,19,19,19,19,"v","17",1,1,0,0.0173681073048625
"World","Europe","Eastern Europe","Sakha",1994,1,150,151,17,1,0.00976449575096331,0.00976449575096331,0.00976449575096331,0.00976449575096331,19,19,19,19,19,19,"v","17",1,1,0,0.00976449575096331
"World","Europe","Eastern Europe","Sakha",1995,1,150,151,17,1,0.00858119260752836,0.00858119260752836,0.00858119260752836,0.00858119260752836,19,19,19,19,19,19,"v","17",1,1,0,0.00858119260752836
"World","Europe","Eastern Europe","Sakha",1996,1,150,151,17,1,0.0103170506561721,0.0103170506561721,0.0103170506561721,0.0103170506561721,19,19,19,19,19,19,"v","17",1,1,0,0.0103170506561721
"World","Europe","Eastern Europe","Sakha",1997,1,150,151,17,1,0.0104845628243135,0.0104845628243135,0.0104845628243135,0.0104845628243135,19,19,19,19,19,19,"v","17",1,1,0,0.0104845628243135
"World","Europe","Eastern Europe","Sakha",1998,1,150,151,17,1,0.0110531800028784,0.0110531800028784,0.0110531800028784,0.0110531800028784,19,19,19,19,19,19,"v","17",1,1,0,0.0110531800028784
"World","Europe","Eastern Europe","Sakha",1999,1,150,151,17,1,0.0100823073795708,0.0100823073795708,0.0100823073795708,0.0100823073795708,19,19,19,19,19,19,"v","17",1,1,0,0.0100823073795708
"World","Europe","Eastern Europe","Sakha",2000,1,150,151,17,1,0.00948645974211874,0.00948645974211874,0.00948645974211874,0.00948645974211874,19,19,19,19,19,19,"v","17",1,1,0,0.00948645974211874
"World","Europe","Eastern Europe","Sakha",2001,1,150,151,17,1,0.0100712711203893,0.0100712711203893,0.0100712711203893,0.0100712711203893,19,19,19,19,19,19,"v","17",1,1,0,0.0100712711203893
"World","Europe","Eastern Europe","Sakha",2002,1,150,151,17,1,0.00941782918344317,0.00941782918344317,0.00941782918344317,0.00941782918344317,19,19,19,19,19,19,"v","17",1,1,0,0.00941782918344317
"World","Europe","Eastern Europe","Sakha",2003,1,150,151,17,1,0.00878227344966351,0.00878227344966351,0.00878227344966351,0.00878227344966351,19,19,19,19,19,19,"v","17",1,1,0,0.00878227344966351
"World","Europe","Eastern Europe","Sakha",2004,1,150,151,17,1,0.00886342743138177,0.00886342743138177,0.00886342743138177,0.00886342743138177,19,19,19,19,19,19,"v","17",1,1,0,0.00886342743138177
"World","Europe","Eastern Europe","Sakha",2005,1,150,151,17,1,0.0087467676769463,0.0087467676769463,0.0087467676769463,0.0087467676769463,19,19,19,19,19,19,"v","17",1,1,0,0.0087467676769463
"World","Europe","Eastern Europe","Sakha",2006,1,150,151,17,1,0.008492734182409,0.008492734182409,0.008492734182409,0.008492734182409,19,19,19,19,19,19,"v","17",1,1,0,0.008492734182409
"World","Europe","Eastern Europe","Sakha",2007,1,150,151,17,1,0.00836452114507743,0.00836452114507743,0.00836452114507743,0.00836452114507743,19,19,19,19,19,19,"v","17",1,1,0,0.00836452114507743
"World","Europe","Eastern Europe","Sakha",2008,1,150,151,17,1,0.0083089321072186,0.0083089321072186,0.0083089321072186,0.0083089321072186,19,19,19,19,19,19,"v","17",1,1,0,0.0083089321072186
"World","Europe","Eastern Europe","Sakha",2009,1,150,151,17,1,0.00910007488131586,0.00910007488131586,0.00910007488131586,0.00910007488131586,19,19,19,19,19,19,"v","17",1,1,0,0.00910007488131586
"World","Europe","Eastern Europe","Sakha",2010,1,150,151,17,1,0.00853814953138212,0.00853814953138212,0.00853814953138212,0.00853814953138212,19,19,19,19,19,19,"v","17",1,1,0,0.00853814953138212
"World","Europe","Eastern Europe","Sakha",2011,1,150,151,17,1,0.00809652632191,0.00809652632191,0.00809652632191,0.00809652632191,19,19,19,19,19,19,"v","17",1,1,0,0.00809652632191
"World","Europe","Eastern Europe","Sakha",2012,1,150,151,17,1,0.00798934721624763,0.00798934721624763,0.00798934721624763,0.00798934721624763,19,19,19,19,19,19,"v","17",1,1,0,0.00798934721624763
"World","Europe","Eastern Europe","Sakhalin",1990,1,150,151,4,1,0.0154456874281097,0.0154456874281097,0.0154456874281097,0.0154456874281097,19,19,19,19,19,19,"v","4",1,1,0,0.0154456874281097
"World","Europe","Eastern Europe","Sakhalin",1991,1,150,151,4,1,0.0158855703351093,0.0158855703351093,0.0158855703351093,0.0158855703351093,19,19,19,19,19,19,"v","4",1,1,0,0.0158855703351093
"World","Europe","Eastern Europe","Sakhalin",1992,1,150,151,4,1,0.00708482373698783,0.00708482373698783,0.00708482373698783,0.00708482373698783,19,19,19,19,19,19,"v","4",1,1,0,0.00708482373698783
"World","Europe","Eastern Europe","Sakhalin",1993,1,150,151,4,1,0.0173681073048625,0.0173681073048625,0.0173681073048625,0.0173681073048625,19,19,19,19,19,19,"v","4",1,1,0,0.0173681073048625
"World","Europe","Eastern Europe","Sakhalin",1994,1,150,151,4,1,0.00976449575096331,0.00976449575096331,0.00976449575096331,0.00976449575096331,19,19,19,19,19,19,"v","4",1,1,0,0.00976449575096331
"World","Europe","Eastern Europe","Sakhalin",1995,1,150,151,4,1,0.00858119260752836,0.00858119260752836,0.00858119260752836,0.00858119260752836,19,19,19,19,19,19,"v","4",1,1,0,0.00858119260752836
"World","Europe","Eastern Europe","Sakhalin",1996,1,150,151,4,1,0.0103170506561721,0.0103170506561721,0.0103170506561721,0.0103170506561721,19,19,19,19,19,19,"v","4",1,1,0,0.0103170506561721
"World","Europe","Eastern Europe","Sakhalin",1997,1,150,151,4,1,0.0104845628243135,0.0104845628243135,0.0104845628243135,0.0104845628243135,19,19,19,19,19,19,"v","4",1,1,0,0.0104845628243135
"World","Europe","Eastern Europe","Sakhalin",1998,1,150,151,4,1,0.0110531800028784,0.0110531800028784,0.0110531800028784,0.0110531800028784,19,19,19,19,19,19,"v","4",1,1,0,0.0110531800028784
"World","Europe","Eastern Europe","Sakhalin",1999,1,150,151,4,1,0.0100823073795708,0.0100823073795708,0.0100823073795708,0.0100823073795708,19,19,19,19,19,19,"v","4",1,1,0,0.0100823073795708
"World","Europe","Eastern Europe","Sakhalin",2000,1,150,151,4,1,0.00948645974211874,0.00948645974211874,0.00948645974211874,0.00948645974211874,19,19,19,19,19,19,"v","4",1,1,0,0.00948645974211874
"World","Europe","Eastern Europe","Sakhalin",2001,1,150,151,4,1,0.0100712711203893,0.0100712711203893,0.0100712711203893,0.0100712711203893,19,19,19,19,19,19,"v","4",1,1,0,0.0100712711203893
"World","Europe","Eastern Europe","Sakhalin",2002,1,150,151,4,1,0.00941782918344317,0.00941782918344317,0.00941782918344317,0.00941782918344317,19,19,19,19,19,19,"v","4",1,1,0,0.00941782918344317
"World","Europe","Eastern Europe","Sakhalin",2003,1,150,151,4,1,0.00878227344966351,0.00878227344966351,0.00878227344966351,0.00878227344966351,19,19,19,19,19,19,"v","4",1,1,0,0.00878227344966351
"World","Europe","Eastern Europe","Sakhalin",2004,1,150,151,4,1,0.00886342743138177,0.00886342743138177,0.00886342743138177,0.00886342743138177,19,19,19,19,19,19,"v","4",1,1,0,0.00886342743138177
"World","Europe","Eastern Europe","Sakhalin",2005,1,150,151,4,1,0.0087467676769463,0.0087467676769463,0.0087467676769463,0.0087467676769463,19,19,19,19,19,19,"v","4",1,1,0,0.0087467676769463
"World","Europe","Eastern Europe","Sakhalin",2006,1,150,151,4,1,0.008492734182409,0.008492734182409,0.008492734182409,0.008492734182409,19,19,19,19,19,19,"v","4",1,1,0,0.008492734182409
"World","Europe","Eastern Europe","Sakhalin",2007,1,150,151,4,1,0.00836452114507743,0.00836452114507743,0.00836452114507743,0.00836452114507743,19,19,19,19,19,19,"v","4",1,1,0,0.00836452114507743
"World","Europe","Eastern Europe","Sakhalin",2008,1,150,151,4,1,0.0083089321072186,0.0083089321072186,0.0083089321072186,0.0083089321072186,19,19,19,19,19,19,"v","4",1,1,0,0.0083089321072186
"World","Europe","Eastern Europe","Sakhalin",2009,1,150,151,4,1,0.00910007488131586,0.00910007488131586,0.00910007488131586,0.00910007488131586,19,19,19,19,19,19,"v","4",1,1,0,0.00910007488131586
"World","Europe","Eastern Europe","Sakhalin",2010,1,150,151,4,1,0.00853814953138212,0.00853814953138212,0.00853814953138212,0.00853814953138212,19,19,19,19,19,19,"v","4",1,1,0,0.00853814953138212
"World","Europe","Eastern Europe","Sakhalin",2011,1,150,151,4,1,0.00809652632191,0.00809652632191,0.00809652632191,0.00809652632191,19,19,19,19,19,19,"v","4",1,1,0,0.00809652632191
"World","Europe","Eastern Europe","Sakhalin",2012,1,150,151,4,1,0.00798934721624763,0.00798934721624763,0.00798934721624763,0.00798934721624763,19,19,19,19,19,19,"v","4",1,1,0,0.00798934721624763
"World","Europe","Eastern Europe","Taymyr",1990,1,150,151,19,1,0.0154456874281097,0.0154456874281097,0.0154456874281097,0.0154456874281097,19,19,19,19,19,19,"v","19",1,1,0,0.0154456874281097
"World","Europe","Eastern Europe","Taymyr",1991,1,150,151,19,1,0.0158855703351093,0.0158855703351093,0.0158855703351093,0.0158855703351093,19,19,19,19,19,19,"v","19",1,1,0,0.0158855703351093
"World","Europe","Eastern Europe","Taymyr",1992,1,150,151,19,1,0.00708482373698783,0.00708482373698783,0.00708482373698783,0.00708482373698783,19,19,19,19,19,19,"v","19",1,1,0,0.00708482373698783
"World","Europe","Eastern Europe","Taymyr",1993,1,150,151,19,1,0.0173681073048625,0.0173681073048625,0.0173681073048625,0.0173681073048625,19,19,19,19,19,19,"v","19",1,1,0,0.0173681073048625
"World","Europe","Eastern Europe","Taymyr",1994,1,150,151,19,1,0.00976449575096331,0.00976449575096331,0.00976449575096331,0.00976449575096331,19,19,19,19,19,19,"v","19",1,1,0,0.00976449575096331
"World","Europe","Eastern Europe","Taymyr",1995,1,150,151,19,1,0.00858119260752836,0.00858119260752836,0.00858119260752836,0.00858119260752836,19,19,19,19,19,19,"v","19",1,1,0,0.00858119260752836
"World","Europe","Eastern Europe","Taymyr",1996,1,150,151,19,1,0.0103170506561721,0.0103170506561721,0.0103170506561721,0.0103170506561721,19,19,19,19,19,19,"v","19",1,1,0,0.0103170506561721
"World","Europe","Eastern Europe","Taymyr",1997,1,150,151,19,1,0.0104845628243135,0.0104845628243135,0.0104845628243135,0.0104845628243135,19,19,19,19,19,19,"v","19",1,1,0,0.0104845628243135
"World","Europe","Eastern Europe","Taymyr",1998,1,150,151,19,1,0.0110531800028784,0.0110531800028784,0.0110531800028784,0.0110531800028784,19,19,19,19,19,19,"v","19",1,1,0,0.0110531800028784
"World","Europe","Eastern Europe","Taymyr",1999,1,150,151,19,1,0.0100823073795708,0.0100823073795708,0.0100823073795708,0.0100823073795708,19,19,19,19,19,19,"v","19",1,1,0,0.0100823073795708
"World","Europe","Eastern Europe","Taymyr",2000,1,150,151,19,1,0.00948645974211874,0.00948645974211874,0.00948645974211874,0.00948645974211874,19,19,19,19,19,19,"v","19",1,1,0,0.00948645974211874
"World","Europe","Eastern Europe","Taymyr",2001,1,150,151,19,1,0.0100712711203893,0.0100712711203893,0.0100712711203893,0.0100712711203893,19,19,19,19,19,19,"v","19",1,1,0,0.0100712711203893
"World","Europe","Eastern Europe","Taymyr",2002,1,150,151,19,1,0.00941782918344317,0.00941782918344317,0.00941782918344317,0.00941782918344317,19,19,19,19,19,19,"v","19",1,1,0,0.00941782918344317
"World","Europe","Eastern Europe","Taymyr",2003,1,150,151,19,1,0.00878227344966351,0.00878227344966351,0.00878227344966351,0.00878227344966351,19,19,19,19,19,19,"v","19",1,1,0,0.00878227344966351
"World","Europe","Eastern Europe","Taymyr",2004,1,150,151,19,1,0.00886342743138177,0.00886342743138177,0.00886342743138177,0.00886342743138177,19,19,19,19,19,19,"v","19",1,1,0,0.00886342743138177
"World","Europe","Eastern Europe","Taymyr",2005,1,150,151,19,1,0.0087467676769463,0.0087467676769463,0.0087467676769463,0.0087467676769463,19,19,19,19,19,19,"v","19",1,1,0,0.0087467676769463
"World","Europe","Eastern Europe","Taymyr",2006,1,150,151,19,1,0.008492734182409,0.008492734182409,0.008492734182409,0.008492734182409,19,19,19,19,19,19,"v","19",1,1,0,0.008492734182409
"World","Europe","Eastern Europe","Taymyr",2007,1,150,151,19,1,0.00836452114507743,0.00836452114507743,0.00836452114507743,0.00836452114507743,19,19,19,19,19,19,"v","19",1,1,0,0.00836452114507743
"World","Europe","Eastern Europe","Taymyr",2008,1,150,151,19,1,0.0083089321072186,0.0083089321072186,0.0083089321072186,0.0083089321072186,19,19,19,19,19,19,"v","19",1,1,0,0.0083089321072186
"World","Europe","Eastern Europe","Taymyr",2009,1,150,151,19,1,0.00910007488131586,0.00910007488131586,0.00910007488131586,0.00910007488131586,19,19,19,19,19,19,"v","19",1,1,0,0.00910007488131586
"World","Europe","Eastern Europe","Taymyr",2010,1,150,151,19,1,0.00853814953138212,0.00853814953138212,0.00853814953138212,0.00853814953138212,19,19,19,19,19,19,"v","19",1,1,0,0.00853814953138212
"World","Europe","Eastern Europe","Taymyr",2011,1,150,151,19,1,0.00809652632191,0.00809652632191,0.00809652632191,0.00809652632191,19,19,19,19,19,19,"v","19",1,1,0,0.00809652632191
"World","Europe","Eastern Europe","Taymyr",2012,1,150,151,19,1,0.00798934721624763,0.00798934721624763,0.00798934721624763,0.00798934721624763,19,19,19,19,19,19,"v","19",1,1,0,0.00798934721624763
"World","Europe","Eastern Europe","Yamal-Nenets",1990,1,150,151,14,1,0.0154456874281097,0.0154456874281097,0.0154456874281097,0.0154456874281097,19,19,19,19,19,19,"v","14",1,1,0,0.0154456874281097
"World","Europe","Eastern Europe","Yamal-Nenets",1991,1,150,151,14,1,0.0158855703351093,0.0158855703351093,0.0158855703351093,0.0158855703351093,19,19,19,19,19,19,"v","14",1,1,0,0.0158855703351093
"World","Europe","Eastern Europe","Yamal-Nenets",1992,1,150,151,14,1,0.00708482373698783,0.00708482373698783,0.00708482373698783,0.00708482373698783,19,19,19,19,19,19,"v","14",1,1,0,0.00708482373698783
"World","Europe","Eastern Europe","Yamal-Nenets",1993,1,150,151,14,1,0.0173681073048625,0.0173681073048625,0.0173681073048625,0.0173681073048625,19,19,19,19,19,19,"v","14",1,1,0,0.0173681073048625
"World","Europe","Eastern Europe","Yamal-Nenets",1994,1,150,151,14,1,0.00976449575096331,0.00976449575096331,0.00976449575096331,0.00976449575096331,19,19,19,19,19,19,"v","14",1,1,0,0.00976449575096331
"World","Europe","Eastern Europe","Yamal-Nenets",1995,1,150,151,14,1,0.00858119260752836,0.00858119260752836,0.00858119260752836,0.00858119260752836,19,19,19,19,19,19,"v","14",1,1,0,0.00858119260752836
"World","Europe","Eastern Europe","Yamal-Nenets",1996,1,150,151,14,1,0.0103170506561721,0.0103170506561721,0.0103170506561721,0.0103170506561721,19,19,19,19,19,19,"v","14",1,1,0,0.0103170506561721
"World","Europe","Eastern Europe","Yamal-Nenets",1997,1,150,151,14,1,0.0104845628243135,0.0104845628243135,0.0104845628243135,0.0104845628243135,19,19,19,19,19,19,"v","14",1,1,0,0.0104845628243135
"World","Europe","Eastern Europe","Yamal-Nenets",1998,1,150,151,14,1,0.0110531800028784,0.0110531800028784,0.0110531800028784,0.0110531800028784,19,19,19,19,19,19,"v","14",1,1,0,0.0110531800028784
"World","Europe","Eastern Europe","Yamal-Nenets",1999,1,150,151,14,1,0.0100823073795708,0.0100823073795708,0.0100823073795708,0.0100823073795708,19,19,19,19,19,19,"v","14",1,1,0,0.0100823073795708
"World","Europe","Eastern Europe","Yamal-Nenets",2000,1,150,151,14,1,0.00948645974211874,0.00948645974211874,0.00948645974211874,0.00948645974211874,19,19,19,19,19,19,"v","14",1,1,0,0.00948645974211874
"World","Europe","Eastern Europe","Yamal-Nenets",2001,1,150,151,14,1,0.0100712711203893,0.0100712711203893,0.0100712711203893,0.0100712711203893,19,19,19,19,19,19,"v","14",1,1,0,0.0100712711203893
"World","Europe","Eastern Europe","Yamal-Nenets",2002,1,150,151,14,1,0.00941782918344317,0.00941782918344317,0.00941782918344317,0.00941782918344317,19,19,19,19,19,19,"v","14",1,1,0,0.00941782918344317
"World","Europe","Eastern Europe","Yamal-Nenets",2003,1,150,151,14,1,0.00878227344966351,0.00878227344966351,0.00878227344966351,0.00878227344966351,19,19,19,19,19,19,"v","14",1,1,0,0.00878227344966351
"World","Europe","Eastern Europe","Yamal-Nenets",2004,1,150,151,14,1,0.00886342743138177,0.00886342743138177,0.00886342743138177,0.00886342743138177,19,19,19,19,19,19,"v","14",1,1,0,0.00886342743138177
"World","Europe","Eastern Europe","Yamal-Nenets",2005,1,150,151,14,1,0.0087467676769463,0.0087467676769463,0.0087467676769463,0.0087467676769463,19,19,19,19,19,19,"v","14",1,1,0,0.0087467676769463
"World","Europe","Eastern Europe","Yamal-Nenets",2006,1,150,151,14,1,0.008492734182409,0.008492734182409,0.008492734182409,0.008492734182409,19,19,19,19,19,19,"v","14",1,1,0,0.008492734182409
"World","Europe","Eastern Europe","Yamal-Nenets",2007,1,150,151,14,1,0.00836452114507743,0.00836452114507743,0.00836452114507743,0.00836452114507743,19,19,19,19,19,19,"v","14",1,1,0,0.00836452114507743
"World","Europe","Eastern Europe","Yamal-Nenets",2008,1,150,151,14,1,0.0083089321072186,0.0083089321072186,0.0083089321072186,0.0083089321072186,19,19,19,19,19,19,"v","14",1,1,0,0.0083089321072186
"World","Europe","Eastern Europe","Yamal-Nenets",2009,1,150,151,14,1,0.00910007488131586,0.00910007488131586,0.00910007488131586,0.00910007488131586,19,19,19,19,19,19,"v","14",1,1,0,0.00910007488131586
"World","Europe","Eastern Europe","Yamal-Nenets",2010,1,150,151,14,1,0.00853814953138212,0.00853814953138212,0.00853814953138212,0.00853814953138212,19,19,19,19,19,19,"v","14",1,1,0,0.00853814953138212
"World","Europe","Eastern Europe","Yamal-Nenets",2011,1,150,151,14,1,0.00809652632191,0.00809652632191,0.00809652632191,0.00809652632191,19,19,19,19,19,19,"v","14",1,1,0,0.00809652632191
"World","Europe","Eastern Europe","Yamal-Nenets",2012,1,150,151,14,1,0.00798934721624763,0.00798934721624763,0.00798934721624763,0.00798934721624763,19,19,19,19,19,19,"v","14",1,1,0,0.00798934721624763
