"rgn_id","product","year","usd_rel"
18,"corals",2000,0.462603667351442
13,"corals",2000,0.462603667351442
11,"corals",2000,0.462603667351442
6,"corals",2000,0.462603667351442
5,"corals",2000,0.462603667351442
12,"corals",2000,0.462603667351442
7,"corals",2000,0.462603667351442
8,"corals",2000,0.462603667351442
2,"corals",2000,0.462603667351442
10,"corals",2000,0.462603667351442
9,"corals",2000,0.462603667351442
16,"corals",2000,0.462603667351442
15,"corals",2000,0.462603667351442
1,"corals",2000,0.462603667351442
3,"corals",2000,0.462603667351442
17,"corals",2000,0.462603667351442
4,"corals",2000,0.462603667351442
19,"corals",2000,0.462603667351442
14,"corals",2000,0.462603667351442
18,"corals",2001,0.588906642319105
13,"corals",2001,0.588906642319105
11,"corals",2001,0.588906642319105
6,"corals",2001,0.588906642319105
5,"corals",2001,0.588906642319105
12,"corals",2001,0.588906642319105
7,"corals",2001,0.588906642319105
8,"corals",2001,0.588906642319105
2,"corals",2001,0.588906642319105
10,"corals",2001,0.588906642319105
9,"corals",2001,0.588906642319105
16,"corals",2001,0.588906642319105
15,"corals",2001,0.588906642319105
1,"corals",2001,0.588906642319105
3,"corals",2001,0.588906642319105
17,"corals",2001,0.588906642319105
4,"corals",2001,0.588906642319105
19,"corals",2001,0.588906642319105
14,"corals",2001,0.588906642319105
18,"corals",2002,0.643688655558092
13,"corals",2002,0.643688655558092
11,"corals",2002,0.643688655558092
6,"corals",2002,0.643688655558092
5,"corals",2002,0.643688655558092
12,"corals",2002,0.643688655558092
7,"corals",2002,0.643688655558092
8,"corals",2002,0.643688655558092
2,"corals",2002,0.643688655558092
10,"corals",2002,0.643688655558092
9,"corals",2002,0.643688655558092
16,"corals",2002,0.643688655558092
15,"corals",2002,0.643688655558092
1,"corals",2002,0.643688655558092
3,"corals",2002,0.643688655558092
17,"corals",2002,0.643688655558092
4,"corals",2002,0.643688655558092
19,"corals",2002,0.643688655558092
14,"corals",2002,0.643688655558092
18,"corals",2003,0.627710568363387
13,"corals",2003,0.627710568363387
11,"corals",2003,0.627710568363387
6,"corals",2003,0.627710568363387
5,"corals",2003,0.627710568363387
12,"corals",2003,0.627710568363387
7,"corals",2003,0.627710568363387
8,"corals",2003,0.627710568363387
2,"corals",2003,0.627710568363387
10,"corals",2003,0.627710568363387
9,"corals",2003,0.627710568363387
16,"corals",2003,0.627710568363387
15,"corals",2003,0.627710568363387
1,"corals",2003,0.627710568363387
3,"corals",2003,0.627710568363387
17,"corals",2003,0.627710568363387
4,"corals",2003,0.627710568363387
19,"corals",2003,0.627710568363387
14,"corals",2003,0.627710568363387
18,"corals",2004,0.776078520885643
13,"corals",2004,0.776078520885643
11,"corals",2004,0.776078520885643
6,"corals",2004,0.776078520885643
5,"corals",2004,0.776078520885643
12,"corals",2004,0.776078520885643
7,"corals",2004,0.776078520885643
8,"corals",2004,0.776078520885643
2,"corals",2004,0.776078520885643
10,"corals",2004,0.776078520885643
9,"corals",2004,0.776078520885643
16,"corals",2004,0.776078520885643
15,"corals",2004,0.776078520885643
1,"corals",2004,0.776078520885643
3,"corals",2004,0.776078520885643
17,"corals",2004,0.776078520885643
4,"corals",2004,0.776078520885643
19,"corals",2004,0.776078520885643
14,"corals",2004,0.776078520885643
18,"corals",2005,0.680209997717416
13,"corals",2005,0.680209997717416
11,"corals",2005,0.680209997717416
6,"corals",2005,0.680209997717416
5,"corals",2005,0.680209997717416
12,"corals",2005,0.680209997717416
7,"corals",2005,0.680209997717416
8,"corals",2005,0.680209997717416
2,"corals",2005,0.680209997717416
10,"corals",2005,0.680209997717416
9,"corals",2005,0.680209997717416
16,"corals",2005,0.680209997717416
15,"corals",2005,0.680209997717416
1,"corals",2005,0.680209997717416
3,"corals",2005,0.680209997717416
17,"corals",2005,0.680209997717416
4,"corals",2005,0.680209997717416
19,"corals",2005,0.680209997717416
14,"corals",2005,0.680209997717416
18,"corals",2006,0.593471810089021
13,"corals",2006,0.593471810089021
11,"corals",2006,0.593471810089021
6,"corals",2006,0.593471810089021
5,"corals",2006,0.593471810089021
12,"corals",2006,0.593471810089021
7,"corals",2006,0.593471810089021
8,"corals",2006,0.593471810089021
2,"corals",2006,0.593471810089021
10,"corals",2006,0.593471810089021
9,"corals",2006,0.593471810089021
16,"corals",2006,0.593471810089021
15,"corals",2006,0.593471810089021
1,"corals",2006,0.593471810089021
3,"corals",2006,0.593471810089021
17,"corals",2006,0.593471810089021
4,"corals",2006,0.593471810089021
19,"corals",2006,0.593471810089021
14,"corals",2006,0.593471810089021
18,"corals",2007,0.609449897283725
13,"corals",2007,0.609449897283725
11,"corals",2007,0.609449897283725
6,"corals",2007,0.609449897283725
5,"corals",2007,0.609449897283725
12,"corals",2007,0.609449897283725
7,"corals",2007,0.609449897283725
8,"corals",2007,0.609449897283725
2,"corals",2007,0.609449897283725
10,"corals",2007,0.609449897283725
9,"corals",2007,0.609449897283725
16,"corals",2007,0.609449897283725
15,"corals",2007,0.609449897283725
1,"corals",2007,0.609449897283725
3,"corals",2007,0.609449897283725
17,"corals",2007,0.609449897283725
4,"corals",2007,0.609449897283725
19,"corals",2007,0.609449897283725
14,"corals",2007,0.609449897283725
18,"corals",2008,1
13,"corals",2008,1
11,"corals",2008,1
6,"corals",2008,1
5,"corals",2008,1
12,"corals",2008,1
7,"corals",2008,1
8,"corals",2008,1
2,"corals",2008,1
10,"corals",2008,1
9,"corals",2008,1
16,"corals",2008,1
15,"corals",2008,1
1,"corals",2008,1
3,"corals",2008,1
17,"corals",2008,1
4,"corals",2008,1
19,"corals",2008,1
14,"corals",2008,1
18,"corals",2009,1
13,"corals",2009,1
11,"corals",2009,1
6,"corals",2009,1
5,"corals",2009,1
12,"corals",2009,1
7,"corals",2009,1
8,"corals",2009,1
2,"corals",2009,1
10,"corals",2009,1
9,"corals",2009,1
16,"corals",2009,1
15,"corals",2009,1
1,"corals",2009,1
3,"corals",2009,1
17,"corals",2009,1
4,"corals",2009,1
19,"corals",2009,1
14,"corals",2009,1
18,"corals",2010,1
13,"corals",2010,1
11,"corals",2010,1
6,"corals",2010,1
5,"corals",2010,1
12,"corals",2010,1
7,"corals",2010,1
8,"corals",2010,1
2,"corals",2010,1
10,"corals",2010,1
9,"corals",2010,1
16,"corals",2010,1
15,"corals",2010,1
1,"corals",2010,1
3,"corals",2010,1
17,"corals",2010,1
4,"corals",2010,1
19,"corals",2010,1
14,"corals",2010,1
18,"corals",2011,1
13,"corals",2011,1
11,"corals",2011,1
6,"corals",2011,1
5,"corals",2011,1
12,"corals",2011,1
7,"corals",2011,1
8,"corals",2011,1
2,"corals",2011,1
10,"corals",2011,1
9,"corals",2011,1
16,"corals",2011,1
15,"corals",2011,1
1,"corals",2011,1
3,"corals",2011,1
17,"corals",2011,1
4,"corals",2011,1
19,"corals",2011,1
14,"corals",2011,1
18,"fish_oil",1976,0.0197177102488881
13,"fish_oil",1976,0.0197177102488881
11,"fish_oil",1976,0.0197177102488881
6,"fish_oil",1976,0.0197177102488881
5,"fish_oil",1976,0.0197177102488881
12,"fish_oil",1976,0.0197177102488881
7,"fish_oil",1976,0.0197177102488881
8,"fish_oil",1976,0.0197177102488881
2,"fish_oil",1976,0.0197177102488881
10,"fish_oil",1976,0.0197177102488881
9,"fish_oil",1976,0.0197177102488881
16,"fish_oil",1976,0.0197177102488881
15,"fish_oil",1976,0.0197177102488881
1,"fish_oil",1976,0.0197177102488881
3,"fish_oil",1976,0.0197177102488881
17,"fish_oil",1976,0.0197177102488881
4,"fish_oil",1976,0.0197177102488881
19,"fish_oil",1976,0.0197177102488881
14,"fish_oil",1976,0.0197177102488881
18,"fish_oil",1977,0.0278000508947391
13,"fish_oil",1977,0.0278000508947391
11,"fish_oil",1977,0.0278000508947391
6,"fish_oil",1977,0.0278000508947391
5,"fish_oil",1977,0.0278000508947391
12,"fish_oil",1977,0.0278000508947391
7,"fish_oil",1977,0.0278000508947391
8,"fish_oil",1977,0.0278000508947391
2,"fish_oil",1977,0.0278000508947391
10,"fish_oil",1977,0.0278000508947391
9,"fish_oil",1977,0.0278000508947391
16,"fish_oil",1977,0.0278000508947391
15,"fish_oil",1977,0.0278000508947391
1,"fish_oil",1977,0.0278000508947391
3,"fish_oil",1977,0.0278000508947391
17,"fish_oil",1977,0.0278000508947391
4,"fish_oil",1977,0.0278000508947391
19,"fish_oil",1977,0.0278000508947391
14,"fish_oil",1977,0.0278000508947391
18,"fish_oil",1978,0.0293364958491979
13,"fish_oil",1978,0.0293364958491979
11,"fish_oil",1978,0.0293364958491979
6,"fish_oil",1978,0.0293364958491979
5,"fish_oil",1978,0.0293364958491979
12,"fish_oil",1978,0.0293364958491979
7,"fish_oil",1978,0.0293364958491979
8,"fish_oil",1978,0.0293364958491979
2,"fish_oil",1978,0.0293364958491979
10,"fish_oil",1978,0.0293364958491979
9,"fish_oil",1978,0.0293364958491979
16,"fish_oil",1978,0.0293364958491979
15,"fish_oil",1978,0.0293364958491979
1,"fish_oil",1978,0.0293364958491979
3,"fish_oil",1978,0.0293364958491979
17,"fish_oil",1978,0.0293364958491979
4,"fish_oil",1978,0.0293364958491979
19,"fish_oil",1978,0.0293364958491979
14,"fish_oil",1978,0.0293364958491979
18,"fish_oil",1979,0.0386992072904313
13,"fish_oil",1979,0.0386992072904313
11,"fish_oil",1979,0.0386992072904313
6,"fish_oil",1979,0.0386992072904313
5,"fish_oil",1979,0.0386992072904313
12,"fish_oil",1979,0.0386992072904313
7,"fish_oil",1979,0.0386992072904313
8,"fish_oil",1979,0.0386992072904313
2,"fish_oil",1979,0.0386992072904313
10,"fish_oil",1979,0.0386992072904313
9,"fish_oil",1979,0.0386992072904313
16,"fish_oil",1979,0.0386992072904313
15,"fish_oil",1979,0.0386992072904313
1,"fish_oil",1979,0.0386992072904313
3,"fish_oil",1979,0.0386992072904313
17,"fish_oil",1979,0.0386992072904313
4,"fish_oil",1979,0.0386992072904313
19,"fish_oil",1979,0.0386992072904313
14,"fish_oil",1979,0.0386992072904313
18,"fish_oil",1980,0.0352902200477258
13,"fish_oil",1980,0.0352902200477258
11,"fish_oil",1980,0.0352902200477258
6,"fish_oil",1980,0.0352902200477258
5,"fish_oil",1980,0.0352902200477258
12,"fish_oil",1980,0.0352902200477258
7,"fish_oil",1980,0.0352902200477258
8,"fish_oil",1980,0.0352902200477258
2,"fish_oil",1980,0.0352902200477258
10,"fish_oil",1980,0.0352902200477258
9,"fish_oil",1980,0.0352902200477258
16,"fish_oil",1980,0.0352902200477258
15,"fish_oil",1980,0.0352902200477258
1,"fish_oil",1980,0.0352902200477258
3,"fish_oil",1980,0.0352902200477258
17,"fish_oil",1980,0.0352902200477258
4,"fish_oil",1980,0.0352902200477258
19,"fish_oil",1980,0.0352902200477258
14,"fish_oil",1980,0.0352902200477258
18,"fish_oil",1981,0.0379309848132019
13,"fish_oil",1981,0.0379309848132019
11,"fish_oil",1981,0.0379309848132019
6,"fish_oil",1981,0.0379309848132019
5,"fish_oil",1981,0.0379309848132019
12,"fish_oil",1981,0.0379309848132019
7,"fish_oil",1981,0.0379309848132019
8,"fish_oil",1981,0.0379309848132019
2,"fish_oil",1981,0.0379309848132019
10,"fish_oil",1981,0.0379309848132019
9,"fish_oil",1981,0.0379309848132019
16,"fish_oil",1981,0.0379309848132019
15,"fish_oil",1981,0.0379309848132019
1,"fish_oil",1981,0.0379309848132019
3,"fish_oil",1981,0.0379309848132019
17,"fish_oil",1981,0.0379309848132019
4,"fish_oil",1981,0.0379309848132019
19,"fish_oil",1981,0.0379309848132019
14,"fish_oil",1981,0.0379309848132019
18,"fish_oil",1982,0.0321213023291545
13,"fish_oil",1982,0.0321213023291545
11,"fish_oil",1982,0.0321213023291545
6,"fish_oil",1982,0.0321213023291545
5,"fish_oil",1982,0.0321213023291545
12,"fish_oil",1982,0.0321213023291545
7,"fish_oil",1982,0.0321213023291545
8,"fish_oil",1982,0.0321213023291545
2,"fish_oil",1982,0.0321213023291545
10,"fish_oil",1982,0.0321213023291545
9,"fish_oil",1982,0.0321213023291545
16,"fish_oil",1982,0.0321213023291545
15,"fish_oil",1982,0.0321213023291545
1,"fish_oil",1982,0.0321213023291545
3,"fish_oil",1982,0.0321213023291545
17,"fish_oil",1982,0.0321213023291545
4,"fish_oil",1982,0.0321213023291545
19,"fish_oil",1982,0.0321213023291545
14,"fish_oil",1982,0.0321213023291545
18,"fish_oil",1983,0.02991266270712
13,"fish_oil",1983,0.02991266270712
11,"fish_oil",1983,0.02991266270712
6,"fish_oil",1983,0.02991266270712
5,"fish_oil",1983,0.02991266270712
12,"fish_oil",1983,0.02991266270712
7,"fish_oil",1983,0.02991266270712
8,"fish_oil",1983,0.02991266270712
2,"fish_oil",1983,0.02991266270712
10,"fish_oil",1983,0.02991266270712
9,"fish_oil",1983,0.02991266270712
16,"fish_oil",1983,0.02991266270712
15,"fish_oil",1983,0.02991266270712
1,"fish_oil",1983,0.02991266270712
3,"fish_oil",1983,0.02991266270712
17,"fish_oil",1983,0.02991266270712
4,"fish_oil",1983,0.02991266270712
19,"fish_oil",1983,0.02991266270712
14,"fish_oil",1983,0.02991266270712
18,"fish_oil",1984,0.0338498029029207
13,"fish_oil",1984,0.0338498029029207
11,"fish_oil",1984,0.0338498029029207
6,"fish_oil",1984,0.0338498029029207
5,"fish_oil",1984,0.0338498029029207
12,"fish_oil",1984,0.0338498029029207
7,"fish_oil",1984,0.0338498029029207
8,"fish_oil",1984,0.0338498029029207
2,"fish_oil",1984,0.0338498029029207
10,"fish_oil",1984,0.0338498029029207
9,"fish_oil",1984,0.0338498029029207
16,"fish_oil",1984,0.0338498029029207
15,"fish_oil",1984,0.0338498029029207
1,"fish_oil",1984,0.0338498029029207
3,"fish_oil",1984,0.0338498029029207
17,"fish_oil",1984,0.0338498029029207
4,"fish_oil",1984,0.0338498029029207
19,"fish_oil",1984,0.0338498029029207
14,"fish_oil",1984,0.0338498029029207
18,"fish_oil",1985,0.0266957310837218
13,"fish_oil",1985,0.0266957310837218
11,"fish_oil",1985,0.0266957310837218
6,"fish_oil",1985,0.0266957310837218
5,"fish_oil",1985,0.0266957310837218
12,"fish_oil",1985,0.0266957310837218
7,"fish_oil",1985,0.0266957310837218
8,"fish_oil",1985,0.0266957310837218
2,"fish_oil",1985,0.0266957310837218
10,"fish_oil",1985,0.0266957310837218
9,"fish_oil",1985,0.0266957310837218
16,"fish_oil",1985,0.0266957310837218
15,"fish_oil",1985,0.0266957310837218
1,"fish_oil",1985,0.0266957310837218
3,"fish_oil",1985,0.0266957310837218
17,"fish_oil",1985,0.0266957310837218
4,"fish_oil",1985,0.0266957310837218
19,"fish_oil",1985,0.0266957310837218
14,"fish_oil",1985,0.0266957310837218
18,"fish_oil",1986,0.592251516039045
13,"fish_oil",1986,0.592251516039045
11,"fish_oil",1986,0.592251516039045
6,"fish_oil",1986,0.592251516039045
5,"fish_oil",1986,0.592251516039045
12,"fish_oil",1986,0.592251516039045
7,"fish_oil",1986,0.592251516039045
8,"fish_oil",1986,0.592251516039045
2,"fish_oil",1986,0.592251516039045
10,"fish_oil",1986,0.592251516039045
9,"fish_oil",1986,0.592251516039045
16,"fish_oil",1986,0.592251516039045
15,"fish_oil",1986,0.592251516039045
1,"fish_oil",1986,0.592251516039045
3,"fish_oil",1986,0.592251516039045
17,"fish_oil",1986,0.592251516039045
4,"fish_oil",1986,0.592251516039045
19,"fish_oil",1986,0.592251516039045
14,"fish_oil",1986,0.592251516039045
18,"fish_oil",1987,0.849990157149511
13,"fish_oil",1987,0.849990157149511
11,"fish_oil",1987,0.849990157149511
6,"fish_oil",1987,0.849990157149511
5,"fish_oil",1987,0.849990157149511
12,"fish_oil",1987,0.849990157149511
7,"fish_oil",1987,0.849990157149511
8,"fish_oil",1987,0.849990157149511
2,"fish_oil",1987,0.849990157149511
10,"fish_oil",1987,0.849990157149511
9,"fish_oil",1987,0.849990157149511
16,"fish_oil",1987,0.849990157149511
15,"fish_oil",1987,0.849990157149511
1,"fish_oil",1987,0.849990157149511
3,"fish_oil",1987,0.849990157149511
17,"fish_oil",1987,0.849990157149511
4,"fish_oil",1987,0.849990157149511
19,"fish_oil",1987,0.849990157149511
14,"fish_oil",1987,0.849990157149511
18,"fish_oil",1988,1
13,"fish_oil",1988,1
11,"fish_oil",1988,1
6,"fish_oil",1988,1
5,"fish_oil",1988,1
12,"fish_oil",1988,1
7,"fish_oil",1988,1
8,"fish_oil",1988,1
2,"fish_oil",1988,1
10,"fish_oil",1988,1
9,"fish_oil",1988,1
16,"fish_oil",1988,1
15,"fish_oil",1988,1
1,"fish_oil",1988,1
3,"fish_oil",1988,1
17,"fish_oil",1988,1
4,"fish_oil",1988,1
19,"fish_oil",1988,1
14,"fish_oil",1988,1
18,"fish_oil",1989,1
13,"fish_oil",1989,1
11,"fish_oil",1989,1
6,"fish_oil",1989,1
5,"fish_oil",1989,1
12,"fish_oil",1989,1
7,"fish_oil",1989,1
8,"fish_oil",1989,1
2,"fish_oil",1989,1
10,"fish_oil",1989,1
9,"fish_oil",1989,1
16,"fish_oil",1989,1
15,"fish_oil",1989,1
1,"fish_oil",1989,1
3,"fish_oil",1989,1
17,"fish_oil",1989,1
4,"fish_oil",1989,1
19,"fish_oil",1989,1
14,"fish_oil",1989,1
18,"fish_oil",1990,1
13,"fish_oil",1990,1
11,"fish_oil",1990,1
6,"fish_oil",1990,1
5,"fish_oil",1990,1
12,"fish_oil",1990,1
7,"fish_oil",1990,1
8,"fish_oil",1990,1
2,"fish_oil",1990,1
10,"fish_oil",1990,1
9,"fish_oil",1990,1
16,"fish_oil",1990,1
15,"fish_oil",1990,1
1,"fish_oil",1990,1
3,"fish_oil",1990,1
17,"fish_oil",1990,1
4,"fish_oil",1990,1
19,"fish_oil",1990,1
14,"fish_oil",1990,1
18,"fish_oil",1991,0.809418407570832
13,"fish_oil",1991,0.809418407570832
11,"fish_oil",1991,0.809418407570832
6,"fish_oil",1991,0.809418407570832
5,"fish_oil",1991,0.809418407570832
12,"fish_oil",1991,0.809418407570832
7,"fish_oil",1991,0.809418407570832
8,"fish_oil",1991,0.809418407570832
2,"fish_oil",1991,0.809418407570832
10,"fish_oil",1991,0.809418407570832
9,"fish_oil",1991,0.809418407570832
16,"fish_oil",1991,0.809418407570832
15,"fish_oil",1991,0.809418407570832
1,"fish_oil",1991,0.809418407570832
3,"fish_oil",1991,0.809418407570832
17,"fish_oil",1991,0.809418407570832
4,"fish_oil",1991,0.809418407570832
19,"fish_oil",1991,0.809418407570832
14,"fish_oil",1991,0.809418407570832
18,"fish_oil",1992,0.462277875672795
13,"fish_oil",1992,0.462277875672795
11,"fish_oil",1992,0.462277875672795
6,"fish_oil",1992,0.462277875672795
5,"fish_oil",1992,0.462277875672795
12,"fish_oil",1992,0.462277875672795
7,"fish_oil",1992,0.462277875672795
8,"fish_oil",1992,0.462277875672795
2,"fish_oil",1992,0.462277875672795
10,"fish_oil",1992,0.462277875672795
9,"fish_oil",1992,0.462277875672795
16,"fish_oil",1992,0.462277875672795
15,"fish_oil",1992,0.462277875672795
1,"fish_oil",1992,0.462277875672795
3,"fish_oil",1992,0.462277875672795
17,"fish_oil",1992,0.462277875672795
4,"fish_oil",1992,0.462277875672795
19,"fish_oil",1992,0.462277875672795
14,"fish_oil",1992,0.462277875672795
18,"fish_oil",1993,0.18523764482194
13,"fish_oil",1993,0.18523764482194
11,"fish_oil",1993,0.18523764482194
6,"fish_oil",1993,0.18523764482194
5,"fish_oil",1993,0.18523764482194
12,"fish_oil",1993,0.18523764482194
7,"fish_oil",1993,0.18523764482194
8,"fish_oil",1993,0.18523764482194
2,"fish_oil",1993,0.18523764482194
10,"fish_oil",1993,0.18523764482194
9,"fish_oil",1993,0.18523764482194
16,"fish_oil",1993,0.18523764482194
15,"fish_oil",1993,0.18523764482194
1,"fish_oil",1993,0.18523764482194
3,"fish_oil",1993,0.18523764482194
17,"fish_oil",1993,0.18523764482194
4,"fish_oil",1993,0.18523764482194
19,"fish_oil",1993,0.18523764482194
14,"fish_oil",1993,0.18523764482194
18,"fish_oil",1994,0.221104031727588
13,"fish_oil",1994,0.221104031727588
11,"fish_oil",1994,0.221104031727588
6,"fish_oil",1994,0.221104031727588
5,"fish_oil",1994,0.221104031727588
12,"fish_oil",1994,0.221104031727588
7,"fish_oil",1994,0.221104031727588
8,"fish_oil",1994,0.221104031727588
2,"fish_oil",1994,0.221104031727588
10,"fish_oil",1994,0.221104031727588
9,"fish_oil",1994,0.221104031727588
16,"fish_oil",1994,0.221104031727588
15,"fish_oil",1994,0.221104031727588
1,"fish_oil",1994,0.221104031727588
3,"fish_oil",1994,0.221104031727588
17,"fish_oil",1994,0.221104031727588
4,"fish_oil",1994,0.221104031727588
19,"fish_oil",1994,0.221104031727588
14,"fish_oil",1994,0.221104031727588
18,"fish_oil",1995,0.186389978537785
13,"fish_oil",1995,0.186389978537785
11,"fish_oil",1995,0.186389978537785
6,"fish_oil",1995,0.186389978537785
5,"fish_oil",1995,0.186389978537785
12,"fish_oil",1995,0.186389978537785
7,"fish_oil",1995,0.186389978537785
8,"fish_oil",1995,0.186389978537785
2,"fish_oil",1995,0.186389978537785
10,"fish_oil",1995,0.186389978537785
9,"fish_oil",1995,0.186389978537785
16,"fish_oil",1995,0.186389978537785
15,"fish_oil",1995,0.186389978537785
1,"fish_oil",1995,0.186389978537785
3,"fish_oil",1995,0.186389978537785
17,"fish_oil",1995,0.186389978537785
4,"fish_oil",1995,0.186389978537785
19,"fish_oil",1995,0.186389978537785
14,"fish_oil",1995,0.186389978537785
18,"fish_oil",1996,0.161230692408522
13,"fish_oil",1996,0.161230692408522
11,"fish_oil",1996,0.161230692408522
6,"fish_oil",1996,0.161230692408522
5,"fish_oil",1996,0.161230692408522
12,"fish_oil",1996,0.161230692408522
7,"fish_oil",1996,0.161230692408522
8,"fish_oil",1996,0.161230692408522
2,"fish_oil",1996,0.161230692408522
10,"fish_oil",1996,0.161230692408522
9,"fish_oil",1996,0.161230692408522
16,"fish_oil",1996,0.161230692408522
15,"fish_oil",1996,0.161230692408522
1,"fish_oil",1996,0.161230692408522
3,"fish_oil",1996,0.161230692408522
17,"fish_oil",1996,0.161230692408522
4,"fish_oil",1996,0.161230692408522
19,"fish_oil",1996,0.161230692408522
14,"fish_oil",1996,0.161230692408522
18,"fish_oil",1997,0.142409241716401
13,"fish_oil",1997,0.142409241716401
11,"fish_oil",1997,0.142409241716401
6,"fish_oil",1997,0.142409241716401
5,"fish_oil",1997,0.142409241716401
12,"fish_oil",1997,0.142409241716401
7,"fish_oil",1997,0.142409241716401
8,"fish_oil",1997,0.142409241716401
2,"fish_oil",1997,0.142409241716401
10,"fish_oil",1997,0.142409241716401
9,"fish_oil",1997,0.142409241716401
16,"fish_oil",1997,0.142409241716401
15,"fish_oil",1997,0.142409241716401
1,"fish_oil",1997,0.142409241716401
3,"fish_oil",1997,0.142409241716401
17,"fish_oil",1997,0.142409241716401
4,"fish_oil",1997,0.142409241716401
19,"fish_oil",1997,0.142409241716401
14,"fish_oil",1997,0.142409241716401
18,"fish_oil",1998,0.117153927777484
13,"fish_oil",1998,0.117153927777484
11,"fish_oil",1998,0.117153927777484
6,"fish_oil",1998,0.117153927777484
5,"fish_oil",1998,0.117153927777484
12,"fish_oil",1998,0.117153927777484
7,"fish_oil",1998,0.117153927777484
8,"fish_oil",1998,0.117153927777484
2,"fish_oil",1998,0.117153927777484
10,"fish_oil",1998,0.117153927777484
9,"fish_oil",1998,0.117153927777484
16,"fish_oil",1998,0.117153927777484
15,"fish_oil",1998,0.117153927777484
1,"fish_oil",1998,0.117153927777484
3,"fish_oil",1998,0.117153927777484
17,"fish_oil",1998,0.117153927777484
4,"fish_oil",1998,0.117153927777484
19,"fish_oil",1998,0.117153927777484
14,"fish_oil",1998,0.117153927777484
18,"fish_oil",1999,0.0922347111723555
13,"fish_oil",1999,0.0922347111723555
11,"fish_oil",1999,0.0922347111723555
6,"fish_oil",1999,0.0922347111723555
5,"fish_oil",1999,0.0922347111723555
12,"fish_oil",1999,0.0922347111723555
7,"fish_oil",1999,0.0922347111723555
8,"fish_oil",1999,0.0922347111723555
2,"fish_oil",1999,0.0922347111723555
10,"fish_oil",1999,0.0922347111723555
9,"fish_oil",1999,0.0922347111723555
16,"fish_oil",1999,0.0922347111723555
15,"fish_oil",1999,0.0922347111723555
1,"fish_oil",1999,0.0922347111723555
3,"fish_oil",1999,0.0922347111723555
17,"fish_oil",1999,0.0922347111723555
4,"fish_oil",1999,0.0922347111723555
19,"fish_oil",1999,0.0922347111723555
14,"fish_oil",1999,0.0922347111723555
18,"fish_oil",2000,0.0895459325020526
13,"fish_oil",2000,0.0895459325020526
11,"fish_oil",2000,0.0895459325020526
6,"fish_oil",2000,0.0895459325020526
5,"fish_oil",2000,0.0895459325020526
12,"fish_oil",2000,0.0895459325020526
7,"fish_oil",2000,0.0895459325020526
8,"fish_oil",2000,0.0895459325020526
2,"fish_oil",2000,0.0895459325020526
10,"fish_oil",2000,0.0895459325020526
9,"fish_oil",2000,0.0895459325020526
16,"fish_oil",2000,0.0895459325020526
15,"fish_oil",2000,0.0895459325020526
1,"fish_oil",2000,0.0895459325020526
3,"fish_oil",2000,0.0895459325020526
17,"fish_oil",2000,0.0895459325020526
4,"fish_oil",2000,0.0895459325020526
19,"fish_oil",2000,0.0895459325020526
14,"fish_oil",2000,0.0895459325020526
18,"fish_oil",2001,0.0865210564979618
13,"fish_oil",2001,0.0865210564979618
11,"fish_oil",2001,0.0865210564979618
6,"fish_oil",2001,0.0865210564979618
5,"fish_oil",2001,0.0865210564979618
12,"fish_oil",2001,0.0865210564979618
7,"fish_oil",2001,0.0865210564979618
8,"fish_oil",2001,0.0865210564979618
2,"fish_oil",2001,0.0865210564979618
10,"fish_oil",2001,0.0865210564979618
9,"fish_oil",2001,0.0865210564979618
16,"fish_oil",2001,0.0865210564979618
15,"fish_oil",2001,0.0865210564979618
1,"fish_oil",2001,0.0865210564979618
3,"fish_oil",2001,0.0865210564979618
17,"fish_oil",2001,0.0865210564979618
4,"fish_oil",2001,0.0865210564979618
19,"fish_oil",2001,0.0865210564979618
14,"fish_oil",2001,0.0865210564979618
18,"fish_oil",2002,0.0632823265617723
13,"fish_oil",2002,0.0632823265617723
11,"fish_oil",2002,0.0632823265617723
6,"fish_oil",2002,0.0632823265617723
5,"fish_oil",2002,0.0632823265617723
12,"fish_oil",2002,0.0632823265617723
7,"fish_oil",2002,0.0632823265617723
8,"fish_oil",2002,0.0632823265617723
2,"fish_oil",2002,0.0632823265617723
10,"fish_oil",2002,0.0632823265617723
9,"fish_oil",2002,0.0632823265617723
16,"fish_oil",2002,0.0632823265617723
15,"fish_oil",2002,0.0632823265617723
1,"fish_oil",2002,0.0632823265617723
3,"fish_oil",2002,0.0632823265617723
17,"fish_oil",2002,0.0632823265617723
4,"fish_oil",2002,0.0632823265617723
19,"fish_oil",2002,0.0632823265617723
14,"fish_oil",2002,0.0632823265617723
18,"fish_oil",2003,0.054495781978461
13,"fish_oil",2003,0.054495781978461
11,"fish_oil",2003,0.054495781978461
6,"fish_oil",2003,0.054495781978461
5,"fish_oil",2003,0.054495781978461
12,"fish_oil",2003,0.054495781978461
7,"fish_oil",2003,0.054495781978461
8,"fish_oil",2003,0.054495781978461
2,"fish_oil",2003,0.054495781978461
10,"fish_oil",2003,0.054495781978461
9,"fish_oil",2003,0.054495781978461
16,"fish_oil",2003,0.054495781978461
15,"fish_oil",2003,0.054495781978461
1,"fish_oil",2003,0.054495781978461
3,"fish_oil",2003,0.054495781978461
17,"fish_oil",2003,0.054495781978461
4,"fish_oil",2003,0.054495781978461
19,"fish_oil",2003,0.054495781978461
14,"fish_oil",2003,0.054495781978461
18,"fish_oil",2004,0.0443168341551713
13,"fish_oil",2004,0.0443168341551713
11,"fish_oil",2004,0.0443168341551713
6,"fish_oil",2004,0.0443168341551713
5,"fish_oil",2004,0.0443168341551713
12,"fish_oil",2004,0.0443168341551713
7,"fish_oil",2004,0.0443168341551713
8,"fish_oil",2004,0.0443168341551713
2,"fish_oil",2004,0.0443168341551713
10,"fish_oil",2004,0.0443168341551713
9,"fish_oil",2004,0.0443168341551713
16,"fish_oil",2004,0.0443168341551713
15,"fish_oil",2004,0.0443168341551713
1,"fish_oil",2004,0.0443168341551713
3,"fish_oil",2004,0.0443168341551713
17,"fish_oil",2004,0.0443168341551713
4,"fish_oil",2004,0.0443168341551713
19,"fish_oil",2004,0.0443168341551713
14,"fish_oil",2004,0.0443168341551713
18,"fish_oil",2005,0.0371627623359725
13,"fish_oil",2005,0.0371627623359725
11,"fish_oil",2005,0.0371627623359725
6,"fish_oil",2005,0.0371627623359725
5,"fish_oil",2005,0.0371627623359725
12,"fish_oil",2005,0.0371627623359725
7,"fish_oil",2005,0.0371627623359725
8,"fish_oil",2005,0.0371627623359725
2,"fish_oil",2005,0.0371627623359725
10,"fish_oil",2005,0.0371627623359725
9,"fish_oil",2005,0.0371627623359725
16,"fish_oil",2005,0.0371627623359725
15,"fish_oil",2005,0.0371627623359725
1,"fish_oil",2005,0.0371627623359725
3,"fish_oil",2005,0.0371627623359725
17,"fish_oil",2005,0.0371627623359725
4,"fish_oil",2005,0.0371627623359725
19,"fish_oil",2005,0.0371627623359725
14,"fish_oil",2005,0.0371627623359725
18,"fish_oil",2006,0.0282321760381807
13,"fish_oil",2006,0.0282321760381807
11,"fish_oil",2006,0.0282321760381807
6,"fish_oil",2006,0.0282321760381807
5,"fish_oil",2006,0.0282321760381807
12,"fish_oil",2006,0.0282321760381807
7,"fish_oil",2006,0.0282321760381807
8,"fish_oil",2006,0.0282321760381807
2,"fish_oil",2006,0.0282321760381807
10,"fish_oil",2006,0.0282321760381807
9,"fish_oil",2006,0.0282321760381807
16,"fish_oil",2006,0.0282321760381807
15,"fish_oil",2006,0.0282321760381807
1,"fish_oil",2006,0.0282321760381807
3,"fish_oil",2006,0.0282321760381807
17,"fish_oil",2006,0.0282321760381807
4,"fish_oil",2006,0.0282321760381807
19,"fish_oil",2006,0.0282321760381807
14,"fish_oil",2006,0.0282321760381807
18,"fish_oil",2007,0.0297206070878126
13,"fish_oil",2007,0.0297206070878126
11,"fish_oil",2007,0.0297206070878126
6,"fish_oil",2007,0.0297206070878126
5,"fish_oil",2007,0.0297206070878126
12,"fish_oil",2007,0.0297206070878126
7,"fish_oil",2007,0.0297206070878126
8,"fish_oil",2007,0.0297206070878126
2,"fish_oil",2007,0.0297206070878126
10,"fish_oil",2007,0.0297206070878126
9,"fish_oil",2007,0.0297206070878126
16,"fish_oil",2007,0.0297206070878126
15,"fish_oil",2007,0.0297206070878126
1,"fish_oil",2007,0.0297206070878126
3,"fish_oil",2007,0.0297206070878126
17,"fish_oil",2007,0.0297206070878126
4,"fish_oil",2007,0.0297206070878126
19,"fish_oil",2007,0.0297206070878126
14,"fish_oil",2007,0.0297206070878126
18,"fish_oil",2008,0.0291924541347174
13,"fish_oil",2008,0.0291924541347174
11,"fish_oil",2008,0.0291924541347174
6,"fish_oil",2008,0.0291924541347174
5,"fish_oil",2008,0.0291924541347174
12,"fish_oil",2008,0.0291924541347174
7,"fish_oil",2008,0.0291924541347174
8,"fish_oil",2008,0.0291924541347174
2,"fish_oil",2008,0.0291924541347174
10,"fish_oil",2008,0.0291924541347174
9,"fish_oil",2008,0.0291924541347174
16,"fish_oil",2008,0.0291924541347174
15,"fish_oil",2008,0.0291924541347174
1,"fish_oil",2008,0.0291924541347174
3,"fish_oil",2008,0.0291924541347174
17,"fish_oil",2008,0.0291924541347174
4,"fish_oil",2008,0.0291924541347174
19,"fish_oil",2008,0.0291924541347174
14,"fish_oil",2008,0.0291924541347174
18,"fish_oil",2009,0.0306808851843494
13,"fish_oil",2009,0.0306808851843494
11,"fish_oil",2009,0.0306808851843494
6,"fish_oil",2009,0.0306808851843494
5,"fish_oil",2009,0.0306808851843494
12,"fish_oil",2009,0.0306808851843494
7,"fish_oil",2009,0.0306808851843494
8,"fish_oil",2009,0.0306808851843494
2,"fish_oil",2009,0.0306808851843494
10,"fish_oil",2009,0.0306808851843494
9,"fish_oil",2009,0.0306808851843494
16,"fish_oil",2009,0.0306808851843494
15,"fish_oil",2009,0.0306808851843494
1,"fish_oil",2009,0.0306808851843494
3,"fish_oil",2009,0.0306808851843494
17,"fish_oil",2009,0.0306808851843494
4,"fish_oil",2009,0.0306808851843494
19,"fish_oil",2009,0.0306808851843494
14,"fish_oil",2009,0.0306808851843494
18,"fish_oil",2010,0.0294485282937939
13,"fish_oil",2010,0.0294485282937939
11,"fish_oil",2010,0.0294485282937939
6,"fish_oil",2010,0.0294485282937939
5,"fish_oil",2010,0.0294485282937939
12,"fish_oil",2010,0.0294485282937939
7,"fish_oil",2010,0.0294485282937939
8,"fish_oil",2010,0.0294485282937939
2,"fish_oil",2010,0.0294485282937939
10,"fish_oil",2010,0.0294485282937939
9,"fish_oil",2010,0.0294485282937939
16,"fish_oil",2010,0.0294485282937939
15,"fish_oil",2010,0.0294485282937939
1,"fish_oil",2010,0.0294485282937939
3,"fish_oil",2010,0.0294485282937939
17,"fish_oil",2010,0.0294485282937939
4,"fish_oil",2010,0.0294485282937939
19,"fish_oil",2010,0.0294485282937939
14,"fish_oil",2010,0.0294485282937939
18,"fish_oil",2011,0.028712315086449
13,"fish_oil",2011,0.028712315086449
11,"fish_oil",2011,0.028712315086449
6,"fish_oil",2011,0.028712315086449
5,"fish_oil",2011,0.028712315086449
12,"fish_oil",2011,0.028712315086449
7,"fish_oil",2011,0.028712315086449
8,"fish_oil",2011,0.028712315086449
2,"fish_oil",2011,0.028712315086449
10,"fish_oil",2011,0.028712315086449
9,"fish_oil",2011,0.028712315086449
16,"fish_oil",2011,0.028712315086449
15,"fish_oil",2011,0.028712315086449
1,"fish_oil",2011,0.028712315086449
3,"fish_oil",2011,0.028712315086449
17,"fish_oil",2011,0.028712315086449
4,"fish_oil",2011,0.028712315086449
19,"fish_oil",2011,0.028712315086449
14,"fish_oil",2011,0.028712315086449
18,"seaweeds",1998,0.633228716369594
13,"seaweeds",1998,0.633228716369594
11,"seaweeds",1998,0.633228716369594
6,"seaweeds",1998,0.633228716369594
5,"seaweeds",1998,0.633228716369594
12,"seaweeds",1998,0.633228716369594
7,"seaweeds",1998,0.633228716369594
8,"seaweeds",1998,0.633228716369594
2,"seaweeds",1998,0.633228716369594
10,"seaweeds",1998,0.633228716369594
9,"seaweeds",1998,0.633228716369594
16,"seaweeds",1998,0.633228716369594
15,"seaweeds",1998,0.633228716369594
1,"seaweeds",1998,0.633228716369594
3,"seaweeds",1998,0.633228716369594
17,"seaweeds",1998,0.633228716369594
4,"seaweeds",1998,0.633228716369594
19,"seaweeds",1998,0.633228716369594
14,"seaweeds",1998,0.633228716369594
18,"seaweeds",1999,0.652572985136496
13,"seaweeds",1999,0.652572985136496
11,"seaweeds",1999,0.652572985136496
6,"seaweeds",1999,0.652572985136496
5,"seaweeds",1999,0.652572985136496
12,"seaweeds",1999,0.652572985136496
7,"seaweeds",1999,0.652572985136496
8,"seaweeds",1999,0.652572985136496
2,"seaweeds",1999,0.652572985136496
10,"seaweeds",1999,0.652572985136496
9,"seaweeds",1999,0.652572985136496
16,"seaweeds",1999,0.652572985136496
15,"seaweeds",1999,0.652572985136496
1,"seaweeds",1999,0.652572985136496
3,"seaweeds",1999,0.652572985136496
17,"seaweeds",1999,0.652572985136496
4,"seaweeds",1999,0.652572985136496
19,"seaweeds",1999,0.652572985136496
14,"seaweeds",1999,0.652572985136496
18,"seaweeds",2000,0.734292651151774
13,"seaweeds",2000,0.734292651151774
11,"seaweeds",2000,0.734292651151774
6,"seaweeds",2000,0.734292651151774
5,"seaweeds",2000,0.734292651151774
12,"seaweeds",2000,0.734292651151774
7,"seaweeds",2000,0.734292651151774
8,"seaweeds",2000,0.734292651151774
2,"seaweeds",2000,0.734292651151774
10,"seaweeds",2000,0.734292651151774
9,"seaweeds",2000,0.734292651151774
16,"seaweeds",2000,0.734292651151774
15,"seaweeds",2000,0.734292651151774
1,"seaweeds",2000,0.734292651151774
3,"seaweeds",2000,0.734292651151774
17,"seaweeds",2000,0.734292651151774
4,"seaweeds",2000,0.734292651151774
19,"seaweeds",2000,0.734292651151774
14,"seaweeds",2000,0.734292651151774
18,"seaweeds",2001,0.9729377627761
13,"seaweeds",2001,0.9729377627761
11,"seaweeds",2001,0.9729377627761
6,"seaweeds",2001,0.9729377627761
5,"seaweeds",2001,0.9729377627761
12,"seaweeds",2001,0.9729377627761
7,"seaweeds",2001,0.9729377627761
8,"seaweeds",2001,0.9729377627761
2,"seaweeds",2001,0.9729377627761
10,"seaweeds",2001,0.9729377627761
9,"seaweeds",2001,0.9729377627761
16,"seaweeds",2001,0.9729377627761
15,"seaweeds",2001,0.9729377627761
1,"seaweeds",2001,0.9729377627761
3,"seaweeds",2001,0.9729377627761
17,"seaweeds",2001,0.9729377627761
4,"seaweeds",2001,0.9729377627761
19,"seaweeds",2001,0.9729377627761
14,"seaweeds",2001,0.9729377627761
18,"seaweeds",2002,0.747912595487653
13,"seaweeds",2002,0.747912595487653
11,"seaweeds",2002,0.747912595487653
6,"seaweeds",2002,0.747912595487653
5,"seaweeds",2002,0.747912595487653
12,"seaweeds",2002,0.747912595487653
7,"seaweeds",2002,0.747912595487653
8,"seaweeds",2002,0.747912595487653
2,"seaweeds",2002,0.747912595487653
10,"seaweeds",2002,0.747912595487653
9,"seaweeds",2002,0.747912595487653
16,"seaweeds",2002,0.747912595487653
15,"seaweeds",2002,0.747912595487653
1,"seaweeds",2002,0.747912595487653
3,"seaweeds",2002,0.747912595487653
17,"seaweeds",2002,0.747912595487653
4,"seaweeds",2002,0.747912595487653
19,"seaweeds",2002,0.747912595487653
14,"seaweeds",2002,0.747912595487653
18,"seaweeds",2003,0.7106057914372
13,"seaweeds",2003,0.7106057914372
11,"seaweeds",2003,0.7106057914372
6,"seaweeds",2003,0.7106057914372
5,"seaweeds",2003,0.7106057914372
12,"seaweeds",2003,0.7106057914372
7,"seaweeds",2003,0.7106057914372
8,"seaweeds",2003,0.7106057914372
2,"seaweeds",2003,0.7106057914372
10,"seaweeds",2003,0.7106057914372
9,"seaweeds",2003,0.7106057914372
16,"seaweeds",2003,0.7106057914372
15,"seaweeds",2003,0.7106057914372
1,"seaweeds",2003,0.7106057914372
3,"seaweeds",2003,0.7106057914372
17,"seaweeds",2003,0.7106057914372
4,"seaweeds",2003,0.7106057914372
19,"seaweeds",2003,0.7106057914372
14,"seaweeds",2003,0.7106057914372
18,"seaweeds",2004,0.7106057914372
13,"seaweeds",2004,0.7106057914372
11,"seaweeds",2004,0.7106057914372
6,"seaweeds",2004,0.7106057914372
5,"seaweeds",2004,0.7106057914372
12,"seaweeds",2004,0.7106057914372
7,"seaweeds",2004,0.7106057914372
8,"seaweeds",2004,0.7106057914372
2,"seaweeds",2004,0.7106057914372
10,"seaweeds",2004,0.7106057914372
9,"seaweeds",2004,0.7106057914372
16,"seaweeds",2004,0.7106057914372
15,"seaweeds",2004,0.7106057914372
1,"seaweeds",2004,0.7106057914372
3,"seaweeds",2004,0.7106057914372
17,"seaweeds",2004,0.7106057914372
4,"seaweeds",2004,0.7106057914372
19,"seaweeds",2004,0.7106057914372
14,"seaweeds",2004,0.7106057914372
18,"seaweeds",2005,0.815420145674187
13,"seaweeds",2005,0.815420145674187
11,"seaweeds",2005,0.815420145674187
6,"seaweeds",2005,0.815420145674187
5,"seaweeds",2005,0.815420145674187
12,"seaweeds",2005,0.815420145674187
7,"seaweeds",2005,0.815420145674187
8,"seaweeds",2005,0.815420145674187
2,"seaweeds",2005,0.815420145674187
10,"seaweeds",2005,0.815420145674187
9,"seaweeds",2005,0.815420145674187
16,"seaweeds",2005,0.815420145674187
15,"seaweeds",2005,0.815420145674187
1,"seaweeds",2005,0.815420145674187
3,"seaweeds",2005,0.815420145674187
17,"seaweeds",2005,0.815420145674187
4,"seaweeds",2005,0.815420145674187
19,"seaweeds",2005,0.815420145674187
14,"seaweeds",2005,0.815420145674187
18,"seaweeds",2006,0.772191626695091
13,"seaweeds",2006,0.772191626695091
11,"seaweeds",2006,0.772191626695091
6,"seaweeds",2006,0.772191626695091
5,"seaweeds",2006,0.772191626695091
12,"seaweeds",2006,0.772191626695091
7,"seaweeds",2006,0.772191626695091
8,"seaweeds",2006,0.772191626695091
2,"seaweeds",2006,0.772191626695091
10,"seaweeds",2006,0.772191626695091
9,"seaweeds",2006,0.772191626695091
16,"seaweeds",2006,0.772191626695091
15,"seaweeds",2006,0.772191626695091
1,"seaweeds",2006,0.772191626695091
3,"seaweeds",2006,0.772191626695091
17,"seaweeds",2006,0.772191626695091
4,"seaweeds",2006,0.772191626695091
19,"seaweeds",2006,0.772191626695091
14,"seaweeds",2006,0.772191626695091
18,"seaweeds",2007,0.785811571030971
13,"seaweeds",2007,0.785811571030971
11,"seaweeds",2007,0.785811571030971
6,"seaweeds",2007,0.785811571030971
5,"seaweeds",2007,0.785811571030971
12,"seaweeds",2007,0.785811571030971
7,"seaweeds",2007,0.785811571030971
8,"seaweeds",2007,0.785811571030971
2,"seaweeds",2007,0.785811571030971
10,"seaweeds",2007,0.785811571030971
9,"seaweeds",2007,0.785811571030971
16,"seaweeds",2007,0.785811571030971
15,"seaweeds",2007,0.785811571030971
1,"seaweeds",2007,0.785811571030971
3,"seaweeds",2007,0.785811571030971
17,"seaweeds",2007,0.785811571030971
4,"seaweeds",2007,0.785811571030971
19,"seaweeds",2007,0.785811571030971
14,"seaweeds",2007,0.785811571030971
18,"seaweeds",2008,0.92378752886836
13,"seaweeds",2008,0.92378752886836
11,"seaweeds",2008,0.92378752886836
6,"seaweeds",2008,0.92378752886836
5,"seaweeds",2008,0.92378752886836
12,"seaweeds",2008,0.92378752886836
7,"seaweeds",2008,0.92378752886836
8,"seaweeds",2008,0.92378752886836
2,"seaweeds",2008,0.92378752886836
10,"seaweeds",2008,0.92378752886836
9,"seaweeds",2008,0.92378752886836
16,"seaweeds",2008,0.92378752886836
15,"seaweeds",2008,0.92378752886836
1,"seaweeds",2008,0.92378752886836
3,"seaweeds",2008,0.92378752886836
17,"seaweeds",2008,0.92378752886836
4,"seaweeds",2008,0.92378752886836
19,"seaweeds",2008,0.92378752886836
14,"seaweeds",2008,0.92378752886836
18,"seaweeds",2009,1
13,"seaweeds",2009,1
11,"seaweeds",2009,1
6,"seaweeds",2009,1
5,"seaweeds",2009,1
12,"seaweeds",2009,1
7,"seaweeds",2009,1
8,"seaweeds",2009,1
2,"seaweeds",2009,1
10,"seaweeds",2009,1
9,"seaweeds",2009,1
16,"seaweeds",2009,1
15,"seaweeds",2009,1
1,"seaweeds",2009,1
3,"seaweeds",2009,1
17,"seaweeds",2009,1
4,"seaweeds",2009,1
19,"seaweeds",2009,1
14,"seaweeds",2009,1
18,"seaweeds",2010,1
13,"seaweeds",2010,1
11,"seaweeds",2010,1
6,"seaweeds",2010,1
5,"seaweeds",2010,1
12,"seaweeds",2010,1
7,"seaweeds",2010,1
8,"seaweeds",2010,1
2,"seaweeds",2010,1
10,"seaweeds",2010,1
9,"seaweeds",2010,1
16,"seaweeds",2010,1
15,"seaweeds",2010,1
1,"seaweeds",2010,1
3,"seaweeds",2010,1
17,"seaweeds",2010,1
4,"seaweeds",2010,1
19,"seaweeds",2010,1
14,"seaweeds",2010,1
18,"seaweeds",2011,1
13,"seaweeds",2011,1
11,"seaweeds",2011,1
6,"seaweeds",2011,1
5,"seaweeds",2011,1
12,"seaweeds",2011,1
7,"seaweeds",2011,1
8,"seaweeds",2011,1
2,"seaweeds",2011,1
10,"seaweeds",2011,1
9,"seaweeds",2011,1
16,"seaweeds",2011,1
15,"seaweeds",2011,1
1,"seaweeds",2011,1
3,"seaweeds",2011,1
17,"seaweeds",2011,1
4,"seaweeds",2011,1
19,"seaweeds",2011,1
14,"seaweeds",2011,1
18,"sponges",2000,0.374106767549391
13,"sponges",2000,0.374106767549391
11,"sponges",2000,0.374106767549391
6,"sponges",2000,0.374106767549391
5,"sponges",2000,0.374106767549391
12,"sponges",2000,0.374106767549391
7,"sponges",2000,0.374106767549391
8,"sponges",2000,0.374106767549391
2,"sponges",2000,0.374106767549391
10,"sponges",2000,0.374106767549391
9,"sponges",2000,0.374106767549391
16,"sponges",2000,0.374106767549391
15,"sponges",2000,0.374106767549391
1,"sponges",2000,0.374106767549391
3,"sponges",2000,0.374106767549391
17,"sponges",2000,0.374106767549391
4,"sponges",2000,0.374106767549391
19,"sponges",2000,0.374106767549391
14,"sponges",2000,0.374106767549391
18,"sponges",2001,0.595838587641866
13,"sponges",2001,0.595838587641866
11,"sponges",2001,0.595838587641866
6,"sponges",2001,0.595838587641866
5,"sponges",2001,0.595838587641866
12,"sponges",2001,0.595838587641866
7,"sponges",2001,0.595838587641866
8,"sponges",2001,0.595838587641866
2,"sponges",2001,0.595838587641866
10,"sponges",2001,0.595838587641866
9,"sponges",2001,0.595838587641866
16,"sponges",2001,0.595838587641866
15,"sponges",2001,0.595838587641866
1,"sponges",2001,0.595838587641866
3,"sponges",2001,0.595838587641866
17,"sponges",2001,0.595838587641866
4,"sponges",2001,0.595838587641866
19,"sponges",2001,0.595838587641866
14,"sponges",2001,0.595838587641866
18,"sponges",2002,0.627364438839849
13,"sponges",2002,0.627364438839849
11,"sponges",2002,0.627364438839849
6,"sponges",2002,0.627364438839849
5,"sponges",2002,0.627364438839849
12,"sponges",2002,0.627364438839849
7,"sponges",2002,0.627364438839849
8,"sponges",2002,0.627364438839849
2,"sponges",2002,0.627364438839849
10,"sponges",2002,0.627364438839849
9,"sponges",2002,0.627364438839849
16,"sponges",2002,0.627364438839849
15,"sponges",2002,0.627364438839849
1,"sponges",2002,0.627364438839849
3,"sponges",2002,0.627364438839849
17,"sponges",2002,0.627364438839849
4,"sponges",2002,0.627364438839849
19,"sponges",2002,0.627364438839849
14,"sponges",2002,0.627364438839849
18,"sponges",2003,1
13,"sponges",2003,1
11,"sponges",2003,1
6,"sponges",2003,1
5,"sponges",2003,1
12,"sponges",2003,1
7,"sponges",2003,1
8,"sponges",2003,1
2,"sponges",2003,1
10,"sponges",2003,1
9,"sponges",2003,1
16,"sponges",2003,1
15,"sponges",2003,1
1,"sponges",2003,1
3,"sponges",2003,1
17,"sponges",2003,1
4,"sponges",2003,1
19,"sponges",2003,1
14,"sponges",2003,1
18,"sponges",2004,1
13,"sponges",2004,1
11,"sponges",2004,1
6,"sponges",2004,1
5,"sponges",2004,1
12,"sponges",2004,1
7,"sponges",2004,1
8,"sponges",2004,1
2,"sponges",2004,1
10,"sponges",2004,1
9,"sponges",2004,1
16,"sponges",2004,1
15,"sponges",2004,1
1,"sponges",2004,1
3,"sponges",2004,1
17,"sponges",2004,1
4,"sponges",2004,1
19,"sponges",2004,1
14,"sponges",2004,1
18,"sponges",2005,1
13,"sponges",2005,1
11,"sponges",2005,1
6,"sponges",2005,1
5,"sponges",2005,1
12,"sponges",2005,1
7,"sponges",2005,1
8,"sponges",2005,1
2,"sponges",2005,1
10,"sponges",2005,1
9,"sponges",2005,1
16,"sponges",2005,1
15,"sponges",2005,1
1,"sponges",2005,1
3,"sponges",2005,1
17,"sponges",2005,1
4,"sponges",2005,1
19,"sponges",2005,1
14,"sponges",2005,1
18,"sponges",2006,0.989911727616646
13,"sponges",2006,0.989911727616646
11,"sponges",2006,0.989911727616646
6,"sponges",2006,0.989911727616646
5,"sponges",2006,0.989911727616646
12,"sponges",2006,0.989911727616646
7,"sponges",2006,0.989911727616646
8,"sponges",2006,0.989911727616646
2,"sponges",2006,0.989911727616646
10,"sponges",2006,0.989911727616646
9,"sponges",2006,0.989911727616646
16,"sponges",2006,0.989911727616646
15,"sponges",2006,0.989911727616646
1,"sponges",2006,0.989911727616646
3,"sponges",2006,0.989911727616646
17,"sponges",2006,0.989911727616646
4,"sponges",2006,0.989911727616646
19,"sponges",2006,0.989911727616646
14,"sponges",2006,0.989911727616646
18,"sponges",2007,0
13,"sponges",2007,0
11,"sponges",2007,0
6,"sponges",2007,0
5,"sponges",2007,0
12,"sponges",2007,0
7,"sponges",2007,0
8,"sponges",2007,0
2,"sponges",2007,0
10,"sponges",2007,0
9,"sponges",2007,0
16,"sponges",2007,0
15,"sponges",2007,0
1,"sponges",2007,0
3,"sponges",2007,0
17,"sponges",2007,0
4,"sponges",2007,0
19,"sponges",2007,0
14,"sponges",2007,0
18,"sponges",2008,0
13,"sponges",2008,0
11,"sponges",2008,0
6,"sponges",2008,0
5,"sponges",2008,0
12,"sponges",2008,0
7,"sponges",2008,0
8,"sponges",2008,0
2,"sponges",2008,0
10,"sponges",2008,0
9,"sponges",2008,0
16,"sponges",2008,0
15,"sponges",2008,0
1,"sponges",2008,0
3,"sponges",2008,0
17,"sponges",2008,0
4,"sponges",2008,0
19,"sponges",2008,0
14,"sponges",2008,0
18,"sponges",2009,0
13,"sponges",2009,0
11,"sponges",2009,0
6,"sponges",2009,0
5,"sponges",2009,0
12,"sponges",2009,0
7,"sponges",2009,0
8,"sponges",2009,0
2,"sponges",2009,0
10,"sponges",2009,0
9,"sponges",2009,0
16,"sponges",2009,0
15,"sponges",2009,0
1,"sponges",2009,0
3,"sponges",2009,0
17,"sponges",2009,0
4,"sponges",2009,0
19,"sponges",2009,0
14,"sponges",2009,0
18,"sponges",2010,0
13,"sponges",2010,0
11,"sponges",2010,0
6,"sponges",2010,0
5,"sponges",2010,0
12,"sponges",2010,0
7,"sponges",2010,0
8,"sponges",2010,0
2,"sponges",2010,0
10,"sponges",2010,0
9,"sponges",2010,0
16,"sponges",2010,0
15,"sponges",2010,0
1,"sponges",2010,0
3,"sponges",2010,0
17,"sponges",2010,0
4,"sponges",2010,0
19,"sponges",2010,0
14,"sponges",2010,0
18,"sponges",2011,0
13,"sponges",2011,0
11,"sponges",2011,0
6,"sponges",2011,0
5,"sponges",2011,0
12,"sponges",2011,0
7,"sponges",2011,0
8,"sponges",2011,0
2,"sponges",2011,0
10,"sponges",2011,0
9,"sponges",2011,0
16,"sponges",2011,0
15,"sponges",2011,0
1,"sponges",2011,0
3,"sponges",2011,0
17,"sponges",2011,0
4,"sponges",2011,0
19,"sponges",2011,0
14,"sponges",2011,0
