"rgn_id","product","year","tonnes_rel"
18,"corals",2000,0.753510055835637
13,"corals",2000,0.753510055835637
11,"corals",2000,0.753510055835637
6,"corals",2000,0.753510055835637
5,"corals",2000,0.753510055835637
12,"corals",2000,0.753510055835637
7,"corals",2000,0.753510055835637
8,"corals",2000,0.753510055835637
2,"corals",2000,0.753510055835637
10,"corals",2000,0.753510055835637
9,"corals",2000,0.753510055835637
16,"corals",2000,0.753510055835637
15,"corals",2000,0.753510055835637
1,"corals",2000,0.753510055835637
3,"corals",2000,0.753510055835637
17,"corals",2000,0.753510055835637
4,"corals",2000,0.753510055835637
19,"corals",2000,0.753510055835637
14,"corals",2000,0.753510055835637
18,"corals",2001,0.990242315823711
13,"corals",2001,0.990242315823711
11,"corals",2001,0.990242315823711
6,"corals",2001,0.990242315823711
5,"corals",2001,0.990242315823711
12,"corals",2001,0.990242315823711
7,"corals",2001,0.990242315823711
8,"corals",2001,0.990242315823711
2,"corals",2001,0.990242315823711
10,"corals",2001,0.990242315823711
9,"corals",2001,0.990242315823711
16,"corals",2001,0.990242315823711
15,"corals",2001,0.990242315823711
1,"corals",2001,0.990242315823711
3,"corals",2001,0.990242315823711
17,"corals",2001,0.990242315823711
4,"corals",2001,0.990242315823711
19,"corals",2001,0.990242315823711
14,"corals",2001,0.990242315823711
18,"corals",2002,1
13,"corals",2002,1
11,"corals",2002,1
6,"corals",2002,1
5,"corals",2002,1
12,"corals",2002,1
7,"corals",2002,1
8,"corals",2002,1
2,"corals",2002,1
10,"corals",2002,1
9,"corals",2002,1
16,"corals",2002,1
15,"corals",2002,1
1,"corals",2002,1
3,"corals",2002,1
17,"corals",2002,1
4,"corals",2002,1
19,"corals",2002,1
14,"corals",2002,1
18,"corals",2003,1
13,"corals",2003,1
11,"corals",2003,1
6,"corals",2003,1
5,"corals",2003,1
12,"corals",2003,1
7,"corals",2003,1
8,"corals",2003,1
2,"corals",2003,1
10,"corals",2003,1
9,"corals",2003,1
16,"corals",2003,1
15,"corals",2003,1
1,"corals",2003,1
3,"corals",2003,1
17,"corals",2003,1
4,"corals",2003,1
19,"corals",2003,1
14,"corals",2003,1
18,"corals",2004,1
13,"corals",2004,1
11,"corals",2004,1
6,"corals",2004,1
5,"corals",2004,1
12,"corals",2004,1
7,"corals",2004,1
8,"corals",2004,1
2,"corals",2004,1
10,"corals",2004,1
9,"corals",2004,1
16,"corals",2004,1
15,"corals",2004,1
1,"corals",2004,1
3,"corals",2004,1
17,"corals",2004,1
4,"corals",2004,1
19,"corals",2004,1
14,"corals",2004,1
18,"corals",2005,1
13,"corals",2005,1
11,"corals",2005,1
6,"corals",2005,1
5,"corals",2005,1
12,"corals",2005,1
7,"corals",2005,1
8,"corals",2005,1
2,"corals",2005,1
10,"corals",2005,1
9,"corals",2005,1
16,"corals",2005,1
15,"corals",2005,1
1,"corals",2005,1
3,"corals",2005,1
17,"corals",2005,1
4,"corals",2005,1
19,"corals",2005,1
14,"corals",2005,1
18,"corals",2006,1
13,"corals",2006,1
11,"corals",2006,1
6,"corals",2006,1
5,"corals",2006,1
12,"corals",2006,1
7,"corals",2006,1
8,"corals",2006,1
2,"corals",2006,1
10,"corals",2006,1
9,"corals",2006,1
16,"corals",2006,1
15,"corals",2006,1
1,"corals",2006,1
3,"corals",2006,1
17,"corals",2006,1
4,"corals",2006,1
19,"corals",2006,1
14,"corals",2006,1
18,"corals",2007,0.999837371930395
13,"corals",2007,0.999837371930395
11,"corals",2007,0.999837371930395
6,"corals",2007,0.999837371930395
5,"corals",2007,0.999837371930395
12,"corals",2007,0.999837371930395
7,"corals",2007,0.999837371930395
8,"corals",2007,0.999837371930395
2,"corals",2007,0.999837371930395
10,"corals",2007,0.999837371930395
9,"corals",2007,0.999837371930395
16,"corals",2007,0.999837371930395
15,"corals",2007,0.999837371930395
1,"corals",2007,0.999837371930395
3,"corals",2007,0.999837371930395
17,"corals",2007,0.999837371930395
4,"corals",2007,0.999837371930395
19,"corals",2007,0.999837371930395
14,"corals",2007,0.999837371930395
18,"corals",2008,0.658318425760286
13,"corals",2008,0.658318425760286
11,"corals",2008,0.658318425760286
6,"corals",2008,0.658318425760286
5,"corals",2008,0.658318425760286
12,"corals",2008,0.658318425760286
7,"corals",2008,0.658318425760286
8,"corals",2008,0.658318425760286
2,"corals",2008,0.658318425760286
10,"corals",2008,0.658318425760286
9,"corals",2008,0.658318425760286
16,"corals",2008,0.658318425760286
15,"corals",2008,0.658318425760286
1,"corals",2008,0.658318425760286
3,"corals",2008,0.658318425760286
17,"corals",2008,0.658318425760286
4,"corals",2008,0.658318425760286
19,"corals",2008,0.658318425760286
14,"corals",2008,0.658318425760286
18,"corals",2009,0.487233696536022
13,"corals",2009,0.487233696536022
11,"corals",2009,0.487233696536022
6,"corals",2009,0.487233696536022
5,"corals",2009,0.487233696536022
12,"corals",2009,0.487233696536022
7,"corals",2009,0.487233696536022
8,"corals",2009,0.487233696536022
2,"corals",2009,0.487233696536022
10,"corals",2009,0.487233696536022
9,"corals",2009,0.487233696536022
16,"corals",2009,0.487233696536022
15,"corals",2009,0.487233696536022
1,"corals",2009,0.487233696536022
3,"corals",2009,0.487233696536022
17,"corals",2009,0.487233696536022
4,"corals",2009,0.487233696536022
19,"corals",2009,0.487233696536022
14,"corals",2009,0.487233696536022
18,"corals",2010,0.501544966661246
13,"corals",2010,0.501544966661246
11,"corals",2010,0.501544966661246
6,"corals",2010,0.501544966661246
5,"corals",2010,0.501544966661246
12,"corals",2010,0.501544966661246
7,"corals",2010,0.501544966661246
8,"corals",2010,0.501544966661246
2,"corals",2010,0.501544966661246
10,"corals",2010,0.501544966661246
9,"corals",2010,0.501544966661246
16,"corals",2010,0.501544966661246
15,"corals",2010,0.501544966661246
1,"corals",2010,0.501544966661246
3,"corals",2010,0.501544966661246
17,"corals",2010,0.501544966661246
4,"corals",2010,0.501544966661246
19,"corals",2010,0.501544966661246
14,"corals",2010,0.501544966661246
18,"corals",2011,0.220198406244918
13,"corals",2011,0.220198406244918
11,"corals",2011,0.220198406244918
6,"corals",2011,0.220198406244918
5,"corals",2011,0.220198406244918
12,"corals",2011,0.220198406244918
7,"corals",2011,0.220198406244918
8,"corals",2011,0.220198406244918
2,"corals",2011,0.220198406244918
10,"corals",2011,0.220198406244918
9,"corals",2011,0.220198406244918
16,"corals",2011,0.220198406244918
15,"corals",2011,0.220198406244918
1,"corals",2011,0.220198406244918
3,"corals",2011,0.220198406244918
17,"corals",2011,0.220198406244918
4,"corals",2011,0.220198406244918
19,"corals",2011,0.220198406244918
14,"corals",2011,0.220198406244918
18,"fish_oil",1976,0.006541647709937
13,"fish_oil",1976,0.006541647709937
11,"fish_oil",1976,0.006541647709937
6,"fish_oil",1976,0.006541647709937
5,"fish_oil",1976,0.006541647709937
12,"fish_oil",1976,0.006541647709937
7,"fish_oil",1976,0.006541647709937
8,"fish_oil",1976,0.006541647709937
2,"fish_oil",1976,0.006541647709937
10,"fish_oil",1976,0.006541647709937
9,"fish_oil",1976,0.006541647709937
16,"fish_oil",1976,0.006541647709937
15,"fish_oil",1976,0.006541647709937
1,"fish_oil",1976,0.006541647709937
3,"fish_oil",1976,0.006541647709937
17,"fish_oil",1976,0.006541647709937
4,"fish_oil",1976,0.006541647709937
19,"fish_oil",1976,0.006541647709937
14,"fish_oil",1976,0.006541647709937
18,"fish_oil",1977,0.00847244240846466
13,"fish_oil",1977,0.00847244240846466
11,"fish_oil",1977,0.00847244240846466
6,"fish_oil",1977,0.00847244240846466
5,"fish_oil",1977,0.00847244240846466
12,"fish_oil",1977,0.00847244240846466
7,"fish_oil",1977,0.00847244240846466
8,"fish_oil",1977,0.00847244240846466
2,"fish_oil",1977,0.00847244240846466
10,"fish_oil",1977,0.00847244240846466
9,"fish_oil",1977,0.00847244240846466
16,"fish_oil",1977,0.00847244240846466
15,"fish_oil",1977,0.00847244240846466
1,"fish_oil",1977,0.00847244240846466
3,"fish_oil",1977,0.00847244240846466
17,"fish_oil",1977,0.00847244240846466
4,"fish_oil",1977,0.00847244240846466
19,"fish_oil",1977,0.00847244240846466
14,"fish_oil",1977,0.00847244240846466
18,"fish_oil",1978,0.00890470987828429
13,"fish_oil",1978,0.00890470987828429
11,"fish_oil",1978,0.00890470987828429
6,"fish_oil",1978,0.00890470987828429
5,"fish_oil",1978,0.00890470987828429
12,"fish_oil",1978,0.00890470987828429
7,"fish_oil",1978,0.00890470987828429
8,"fish_oil",1978,0.00890470987828429
2,"fish_oil",1978,0.00890470987828429
10,"fish_oil",1978,0.00890470987828429
9,"fish_oil",1978,0.00890470987828429
16,"fish_oil",1978,0.00890470987828429
15,"fish_oil",1978,0.00890470987828429
1,"fish_oil",1978,0.00890470987828429
3,"fish_oil",1978,0.00890470987828429
17,"fish_oil",1978,0.00890470987828429
4,"fish_oil",1978,0.00890470987828429
19,"fish_oil",1978,0.00890470987828429
14,"fish_oil",1978,0.00890470987828429
18,"fish_oil",1979,0.010439259396144
13,"fish_oil",1979,0.010439259396144
11,"fish_oil",1979,0.010439259396144
6,"fish_oil",1979,0.010439259396144
5,"fish_oil",1979,0.010439259396144
12,"fish_oil",1979,0.010439259396144
7,"fish_oil",1979,0.010439259396144
8,"fish_oil",1979,0.010439259396144
2,"fish_oil",1979,0.010439259396144
10,"fish_oil",1979,0.010439259396144
9,"fish_oil",1979,0.010439259396144
16,"fish_oil",1979,0.010439259396144
15,"fish_oil",1979,0.010439259396144
1,"fish_oil",1979,0.010439259396144
3,"fish_oil",1979,0.010439259396144
17,"fish_oil",1979,0.010439259396144
4,"fish_oil",1979,0.010439259396144
19,"fish_oil",1979,0.010439259396144
14,"fish_oil",1979,0.010439259396144
18,"fish_oil",1980,0.00896954999875723
13,"fish_oil",1980,0.00896954999875723
11,"fish_oil",1980,0.00896954999875723
6,"fish_oil",1980,0.00896954999875723
5,"fish_oil",1980,0.00896954999875723
12,"fish_oil",1980,0.00896954999875723
7,"fish_oil",1980,0.00896954999875723
8,"fish_oil",1980,0.00896954999875723
2,"fish_oil",1980,0.00896954999875723
10,"fish_oil",1980,0.00896954999875723
9,"fish_oil",1980,0.00896954999875723
16,"fish_oil",1980,0.00896954999875723
15,"fish_oil",1980,0.00896954999875723
1,"fish_oil",1980,0.00896954999875723
3,"fish_oil",1980,0.00896954999875723
17,"fish_oil",1980,0.00896954999875723
4,"fish_oil",1980,0.00896954999875723
19,"fish_oil",1980,0.00896954999875723
14,"fish_oil",1980,0.00896954999875723
18,"fish_oil",1981,0.00800775487840856
13,"fish_oil",1981,0.00800775487840856
11,"fish_oil",1981,0.00800775487840856
6,"fish_oil",1981,0.00800775487840856
5,"fish_oil",1981,0.00800775487840856
12,"fish_oil",1981,0.00800775487840856
7,"fish_oil",1981,0.00800775487840856
8,"fish_oil",1981,0.00800775487840856
2,"fish_oil",1981,0.00800775487840856
10,"fish_oil",1981,0.00800775487840856
9,"fish_oil",1981,0.00800775487840856
16,"fish_oil",1981,0.00800775487840856
15,"fish_oil",1981,0.00800775487840856
1,"fish_oil",1981,0.00800775487840856
3,"fish_oil",1981,0.00800775487840856
17,"fish_oil",1981,0.00800775487840856
4,"fish_oil",1981,0.00800775487840856
19,"fish_oil",1981,0.00800775487840856
14,"fish_oil",1981,0.00800775487840856
18,"fish_oil",1982,0.00649481873403987
13,"fish_oil",1982,0.00649481873403987
11,"fish_oil",1982,0.00649481873403987
6,"fish_oil",1982,0.00649481873403987
5,"fish_oil",1982,0.00649481873403987
12,"fish_oil",1982,0.00649481873403987
7,"fish_oil",1982,0.00649481873403987
8,"fish_oil",1982,0.00649481873403987
2,"fish_oil",1982,0.00649481873403987
10,"fish_oil",1982,0.00649481873403987
9,"fish_oil",1982,0.00649481873403987
16,"fish_oil",1982,0.00649481873403987
15,"fish_oil",1982,0.00649481873403987
1,"fish_oil",1982,0.00649481873403987
3,"fish_oil",1982,0.00649481873403987
17,"fish_oil",1982,0.00649481873403987
4,"fish_oil",1982,0.00649481873403987
19,"fish_oil",1982,0.00649481873403987
14,"fish_oil",1982,0.00649481873403987
18,"fish_oil",1983,0.00520882301132649
13,"fish_oil",1983,0.00520882301132649
11,"fish_oil",1983,0.00520882301132649
6,"fish_oil",1983,0.00520882301132649
5,"fish_oil",1983,0.00520882301132649
12,"fish_oil",1983,0.00520882301132649
7,"fish_oil",1983,0.00520882301132649
8,"fish_oil",1983,0.00520882301132649
2,"fish_oil",1983,0.00520882301132649
10,"fish_oil",1983,0.00520882301132649
9,"fish_oil",1983,0.00520882301132649
16,"fish_oil",1983,0.00520882301132649
15,"fish_oil",1983,0.00520882301132649
1,"fish_oil",1983,0.00520882301132649
3,"fish_oil",1983,0.00520882301132649
17,"fish_oil",1983,0.00520882301132649
4,"fish_oil",1983,0.00520882301132649
19,"fish_oil",1983,0.00520882301132649
14,"fish_oil",1983,0.00520882301132649
18,"fish_oil",1984,0.00520882301132649
13,"fish_oil",1984,0.00520882301132649
11,"fish_oil",1984,0.00520882301132649
6,"fish_oil",1984,0.00520882301132649
5,"fish_oil",1984,0.00520882301132649
12,"fish_oil",1984,0.00520882301132649
7,"fish_oil",1984,0.00520882301132649
8,"fish_oil",1984,0.00520882301132649
2,"fish_oil",1984,0.00520882301132649
10,"fish_oil",1984,0.00520882301132649
9,"fish_oil",1984,0.00520882301132649
16,"fish_oil",1984,0.00520882301132649
15,"fish_oil",1984,0.00520882301132649
1,"fish_oil",1984,0.00520882301132649
3,"fish_oil",1984,0.00520882301132649
17,"fish_oil",1984,0.00520882301132649
4,"fish_oil",1984,0.00520882301132649
19,"fish_oil",1984,0.00520882301132649
14,"fish_oil",1984,0.00520882301132649
18,"fish_oil",1985,0.0034689464453025
13,"fish_oil",1985,0.0034689464453025
11,"fish_oil",1985,0.0034689464453025
6,"fish_oil",1985,0.0034689464453025
5,"fish_oil",1985,0.0034689464453025
12,"fish_oil",1985,0.0034689464453025
7,"fish_oil",1985,0.0034689464453025
8,"fish_oil",1985,0.0034689464453025
2,"fish_oil",1985,0.0034689464453025
10,"fish_oil",1985,0.0034689464453025
9,"fish_oil",1985,0.0034689464453025
16,"fish_oil",1985,0.0034689464453025
15,"fish_oil",1985,0.0034689464453025
1,"fish_oil",1985,0.0034689464453025
3,"fish_oil",1985,0.0034689464453025
17,"fish_oil",1985,0.0034689464453025
4,"fish_oil",1985,0.0034689464453025
19,"fish_oil",1985,0.0034689464453025
14,"fish_oil",1985,0.0034689464453025
18,"fish_oil",1986,0.334596635013881
13,"fish_oil",1986,0.334596635013881
11,"fish_oil",1986,0.334596635013881
6,"fish_oil",1986,0.334596635013881
5,"fish_oil",1986,0.334596635013881
12,"fish_oil",1986,0.334596635013881
7,"fish_oil",1986,0.334596635013881
8,"fish_oil",1986,0.334596635013881
2,"fish_oil",1986,0.334596635013881
10,"fish_oil",1986,0.334596635013881
9,"fish_oil",1986,0.334596635013881
16,"fish_oil",1986,0.334596635013881
15,"fish_oil",1986,0.334596635013881
1,"fish_oil",1986,0.334596635013881
3,"fish_oil",1986,0.334596635013881
17,"fish_oil",1986,0.334596635013881
4,"fish_oil",1986,0.334596635013881
19,"fish_oil",1986,0.334596635013881
14,"fish_oil",1986,0.334596635013881
18,"fish_oil",1987,0.735643586825784
13,"fish_oil",1987,0.735643586825784
11,"fish_oil",1987,0.735643586825784
6,"fish_oil",1987,0.735643586825784
5,"fish_oil",1987,0.735643586825784
12,"fish_oil",1987,0.735643586825784
7,"fish_oil",1987,0.735643586825784
8,"fish_oil",1987,0.735643586825784
2,"fish_oil",1987,0.735643586825784
10,"fish_oil",1987,0.735643586825784
9,"fish_oil",1987,0.735643586825784
16,"fish_oil",1987,0.735643586825784
15,"fish_oil",1987,0.735643586825784
1,"fish_oil",1987,0.735643586825784
3,"fish_oil",1987,0.735643586825784
17,"fish_oil",1987,0.735643586825784
4,"fish_oil",1987,0.735643586825784
19,"fish_oil",1987,0.735643586825784
14,"fish_oil",1987,0.735643586825784
18,"fish_oil",1988,1
13,"fish_oil",1988,1
11,"fish_oil",1988,1
6,"fish_oil",1988,1
5,"fish_oil",1988,1
12,"fish_oil",1988,1
7,"fish_oil",1988,1
8,"fish_oil",1988,1
2,"fish_oil",1988,1
10,"fish_oil",1988,1
9,"fish_oil",1988,1
16,"fish_oil",1988,1
15,"fish_oil",1988,1
1,"fish_oil",1988,1
3,"fish_oil",1988,1
17,"fish_oil",1988,1
4,"fish_oil",1988,1
19,"fish_oil",1988,1
14,"fish_oil",1988,1
18,"fish_oil",1989,1
13,"fish_oil",1989,1
11,"fish_oil",1989,1
6,"fish_oil",1989,1
5,"fish_oil",1989,1
12,"fish_oil",1989,1
7,"fish_oil",1989,1
8,"fish_oil",1989,1
2,"fish_oil",1989,1
10,"fish_oil",1989,1
9,"fish_oil",1989,1
16,"fish_oil",1989,1
15,"fish_oil",1989,1
1,"fish_oil",1989,1
3,"fish_oil",1989,1
17,"fish_oil",1989,1
4,"fish_oil",1989,1
19,"fish_oil",1989,1
14,"fish_oil",1989,1
18,"fish_oil",1990,1
13,"fish_oil",1990,1
11,"fish_oil",1990,1
6,"fish_oil",1990,1
5,"fish_oil",1990,1
12,"fish_oil",1990,1
7,"fish_oil",1990,1
8,"fish_oil",1990,1
2,"fish_oil",1990,1
10,"fish_oil",1990,1
9,"fish_oil",1990,1
16,"fish_oil",1990,1
15,"fish_oil",1990,1
1,"fish_oil",1990,1
3,"fish_oil",1990,1
17,"fish_oil",1990,1
4,"fish_oil",1990,1
19,"fish_oil",1990,1
14,"fish_oil",1990,1
18,"fish_oil",1991,0.894577528791715
13,"fish_oil",1991,0.894577528791715
11,"fish_oil",1991,0.894577528791715
6,"fish_oil",1991,0.894577528791715
5,"fish_oil",1991,0.894577528791715
12,"fish_oil",1991,0.894577528791715
7,"fish_oil",1991,0.894577528791715
8,"fish_oil",1991,0.894577528791715
2,"fish_oil",1991,0.894577528791715
10,"fish_oil",1991,0.894577528791715
9,"fish_oil",1991,0.894577528791715
16,"fish_oil",1991,0.894577528791715
15,"fish_oil",1991,0.894577528791715
1,"fish_oil",1991,0.894577528791715
3,"fish_oil",1991,0.894577528791715
17,"fish_oil",1991,0.894577528791715
4,"fish_oil",1991,0.894577528791715
19,"fish_oil",1991,0.894577528791715
14,"fish_oil",1991,0.894577528791715
18,"fish_oil",1992,0.413290927894544
13,"fish_oil",1992,0.413290927894544
11,"fish_oil",1992,0.413290927894544
6,"fish_oil",1992,0.413290927894544
5,"fish_oil",1992,0.413290927894544
12,"fish_oil",1992,0.413290927894544
7,"fish_oil",1992,0.413290927894544
8,"fish_oil",1992,0.413290927894544
2,"fish_oil",1992,0.413290927894544
10,"fish_oil",1992,0.413290927894544
9,"fish_oil",1992,0.413290927894544
16,"fish_oil",1992,0.413290927894544
15,"fish_oil",1992,0.413290927894544
1,"fish_oil",1992,0.413290927894544
3,"fish_oil",1992,0.413290927894544
17,"fish_oil",1992,0.413290927894544
4,"fish_oil",1992,0.413290927894544
19,"fish_oil",1992,0.413290927894544
14,"fish_oil",1992,0.413290927894544
18,"fish_oil",1993,0.114939920225038
13,"fish_oil",1993,0.114939920225038
11,"fish_oil",1993,0.114939920225038
6,"fish_oil",1993,0.114939920225038
5,"fish_oil",1993,0.114939920225038
12,"fish_oil",1993,0.114939920225038
7,"fish_oil",1993,0.114939920225038
8,"fish_oil",1993,0.114939920225038
2,"fish_oil",1993,0.114939920225038
10,"fish_oil",1993,0.114939920225038
9,"fish_oil",1993,0.114939920225038
16,"fish_oil",1993,0.114939920225038
15,"fish_oil",1993,0.114939920225038
1,"fish_oil",1993,0.114939920225038
3,"fish_oil",1993,0.114939920225038
17,"fish_oil",1993,0.114939920225038
4,"fish_oil",1993,0.114939920225038
19,"fish_oil",1993,0.114939920225038
14,"fish_oil",1993,0.114939920225038
18,"fish_oil",1994,0.0981139089623095
13,"fish_oil",1994,0.0981139089623095
11,"fish_oil",1994,0.0981139089623095
6,"fish_oil",1994,0.0981139089623095
5,"fish_oil",1994,0.0981139089623095
12,"fish_oil",1994,0.0981139089623095
7,"fish_oil",1994,0.0981139089623095
8,"fish_oil",1994,0.0981139089623095
2,"fish_oil",1994,0.0981139089623095
10,"fish_oil",1994,0.0981139089623095
9,"fish_oil",1994,0.0981139089623095
16,"fish_oil",1994,0.0981139089623095
15,"fish_oil",1994,0.0981139089623095
1,"fish_oil",1994,0.0981139089623095
3,"fish_oil",1994,0.0981139089623095
17,"fish_oil",1994,0.0981139089623095
4,"fish_oil",1994,0.0981139089623095
19,"fish_oil",1994,0.0981139089623095
14,"fish_oil",1994,0.0981139089623095
18,"fish_oil",1995,0.0665259636052404
13,"fish_oil",1995,0.0665259636052404
11,"fish_oil",1995,0.0665259636052404
6,"fish_oil",1995,0.0665259636052404
5,"fish_oil",1995,0.0665259636052404
12,"fish_oil",1995,0.0665259636052404
7,"fish_oil",1995,0.0665259636052404
8,"fish_oil",1995,0.0665259636052404
2,"fish_oil",1995,0.0665259636052404
10,"fish_oil",1995,0.0665259636052404
9,"fish_oil",1995,0.0665259636052404
16,"fish_oil",1995,0.0665259636052404
15,"fish_oil",1995,0.0665259636052404
1,"fish_oil",1995,0.0665259636052404
3,"fish_oil",1995,0.0665259636052404
17,"fish_oil",1995,0.0665259636052404
4,"fish_oil",1995,0.0665259636052404
19,"fish_oil",1995,0.0665259636052404
14,"fish_oil",1995,0.0665259636052404
18,"fish_oil",1996,0.0661585362558937
13,"fish_oil",1996,0.0661585362558937
11,"fish_oil",1996,0.0661585362558937
6,"fish_oil",1996,0.0661585362558937
5,"fish_oil",1996,0.0661585362558937
12,"fish_oil",1996,0.0661585362558937
7,"fish_oil",1996,0.0661585362558937
8,"fish_oil",1996,0.0661585362558937
2,"fish_oil",1996,0.0661585362558937
10,"fish_oil",1996,0.0661585362558937
9,"fish_oil",1996,0.0661585362558937
16,"fish_oil",1996,0.0661585362558937
15,"fish_oil",1996,0.0661585362558937
1,"fish_oil",1996,0.0661585362558937
3,"fish_oil",1996,0.0661585362558937
17,"fish_oil",1996,0.0661585362558937
4,"fish_oil",1996,0.0661585362558937
19,"fish_oil",1996,0.0661585362558937
14,"fish_oil",1996,0.0661585362558937
18,"fish_oil",1997,0.0677579258942263
13,"fish_oil",1997,0.0677579258942263
11,"fish_oil",1997,0.0677579258942263
6,"fish_oil",1997,0.0677579258942263
5,"fish_oil",1997,0.0677579258942263
12,"fish_oil",1997,0.0677579258942263
7,"fish_oil",1997,0.0677579258942263
8,"fish_oil",1997,0.0677579258942263
2,"fish_oil",1997,0.0677579258942263
10,"fish_oil",1997,0.0677579258942263
9,"fish_oil",1997,0.0677579258942263
16,"fish_oil",1997,0.0677579258942263
15,"fish_oil",1997,0.0677579258942263
1,"fish_oil",1997,0.0677579258942263
3,"fish_oil",1997,0.0677579258942263
17,"fish_oil",1997,0.0677579258942263
4,"fish_oil",1997,0.0677579258942263
19,"fish_oil",1997,0.0677579258942263
14,"fish_oil",1997,0.0677579258942263
18,"fish_oil",1998,0.0584533686063589
13,"fish_oil",1998,0.0584533686063589
11,"fish_oil",1998,0.0584533686063589
6,"fish_oil",1998,0.0584533686063589
5,"fish_oil",1998,0.0584533686063589
12,"fish_oil",1998,0.0584533686063589
7,"fish_oil",1998,0.0584533686063589
8,"fish_oil",1998,0.0584533686063589
2,"fish_oil",1998,0.0584533686063589
10,"fish_oil",1998,0.0584533686063589
9,"fish_oil",1998,0.0584533686063589
16,"fish_oil",1998,0.0584533686063589
15,"fish_oil",1998,0.0584533686063589
1,"fish_oil",1998,0.0584533686063589
3,"fish_oil",1998,0.0584533686063589
17,"fish_oil",1998,0.0584533686063589
4,"fish_oil",1998,0.0584533686063589
19,"fish_oil",1998,0.0584533686063589
14,"fish_oil",1998,0.0584533686063589
18,"fish_oil",1999,0.0467929536079745
13,"fish_oil",1999,0.0467929536079745
11,"fish_oil",1999,0.0467929536079745
6,"fish_oil",1999,0.0467929536079745
5,"fish_oil",1999,0.0467929536079745
12,"fish_oil",1999,0.0467929536079745
7,"fish_oil",1999,0.0467929536079745
8,"fish_oil",1999,0.0467929536079745
2,"fish_oil",1999,0.0467929536079745
10,"fish_oil",1999,0.0467929536079745
9,"fish_oil",1999,0.0467929536079745
16,"fish_oil",1999,0.0467929536079745
15,"fish_oil",1999,0.0467929536079745
1,"fish_oil",1999,0.0467929536079745
3,"fish_oil",1999,0.0467929536079745
17,"fish_oil",1999,0.0467929536079745
4,"fish_oil",1999,0.0467929536079745
19,"fish_oil",1999,0.0467929536079745
14,"fish_oil",1999,0.0467929536079745
18,"fish_oil",2000,0.0377153367417623
13,"fish_oil",2000,0.0377153367417623
11,"fish_oil",2000,0.0377153367417623
6,"fish_oil",2000,0.0377153367417623
5,"fish_oil",2000,0.0377153367417623
12,"fish_oil",2000,0.0377153367417623
7,"fish_oil",2000,0.0377153367417623
8,"fish_oil",2000,0.0377153367417623
2,"fish_oil",2000,0.0377153367417623
10,"fish_oil",2000,0.0377153367417623
9,"fish_oil",2000,0.0377153367417623
16,"fish_oil",2000,0.0377153367417623
15,"fish_oil",2000,0.0377153367417623
1,"fish_oil",2000,0.0377153367417623
3,"fish_oil",2000,0.0377153367417623
17,"fish_oil",2000,0.0377153367417623
4,"fish_oil",2000,0.0377153367417623
19,"fish_oil",2000,0.0377153367417623
14,"fish_oil",2000,0.0377153367417623
18,"fish_oil",2001,0.0261305685505964
13,"fish_oil",2001,0.0261305685505964
11,"fish_oil",2001,0.0261305685505964
6,"fish_oil",2001,0.0261305685505964
5,"fish_oil",2001,0.0261305685505964
12,"fish_oil",2001,0.0261305685505964
7,"fish_oil",2001,0.0261305685505964
8,"fish_oil",2001,0.0261305685505964
2,"fish_oil",2001,0.0261305685505964
10,"fish_oil",2001,0.0261305685505964
9,"fish_oil",2001,0.0261305685505964
16,"fish_oil",2001,0.0261305685505964
15,"fish_oil",2001,0.0261305685505964
1,"fish_oil",2001,0.0261305685505964
3,"fish_oil",2001,0.0261305685505964
17,"fish_oil",2001,0.0261305685505964
4,"fish_oil",2001,0.0261305685505964
19,"fish_oil",2001,0.0261305685505964
14,"fish_oil",2001,0.0261305685505964
18,"fish_oil",2002,0.013897399154701
13,"fish_oil",2002,0.013897399154701
11,"fish_oil",2002,0.013897399154701
6,"fish_oil",2002,0.013897399154701
5,"fish_oil",2002,0.013897399154701
12,"fish_oil",2002,0.013897399154701
7,"fish_oil",2002,0.013897399154701
8,"fish_oil",2002,0.013897399154701
2,"fish_oil",2002,0.013897399154701
10,"fish_oil",2002,0.013897399154701
9,"fish_oil",2002,0.013897399154701
16,"fish_oil",2002,0.013897399154701
15,"fish_oil",2002,0.013897399154701
1,"fish_oil",2002,0.013897399154701
3,"fish_oil",2002,0.013897399154701
17,"fish_oil",2002,0.013897399154701
4,"fish_oil",2002,0.013897399154701
19,"fish_oil",2002,0.013897399154701
14,"fish_oil",2002,0.013897399154701
18,"fish_oil",2003,0.0109363669864365
13,"fish_oil",2003,0.0109363669864365
11,"fish_oil",2003,0.0109363669864365
6,"fish_oil",2003,0.0109363669864365
5,"fish_oil",2003,0.0109363669864365
12,"fish_oil",2003,0.0109363669864365
7,"fish_oil",2003,0.0109363669864365
8,"fish_oil",2003,0.0109363669864365
2,"fish_oil",2003,0.0109363669864365
10,"fish_oil",2003,0.0109363669864365
9,"fish_oil",2003,0.0109363669864365
16,"fish_oil",2003,0.0109363669864365
15,"fish_oil",2003,0.0109363669864365
1,"fish_oil",2003,0.0109363669864365
3,"fish_oil",2003,0.0109363669864365
17,"fish_oil",2003,0.0109363669864365
4,"fish_oil",2003,0.0109363669864365
19,"fish_oil",2003,0.0109363669864365
14,"fish_oil",2003,0.0109363669864365
18,"fish_oil",2004,0.0108607201792181
13,"fish_oil",2004,0.0108607201792181
11,"fish_oil",2004,0.0108607201792181
6,"fish_oil",2004,0.0108607201792181
5,"fish_oil",2004,0.0108607201792181
12,"fish_oil",2004,0.0108607201792181
7,"fish_oil",2004,0.0108607201792181
8,"fish_oil",2004,0.0108607201792181
2,"fish_oil",2004,0.0108607201792181
10,"fish_oil",2004,0.0108607201792181
9,"fish_oil",2004,0.0108607201792181
16,"fish_oil",2004,0.0108607201792181
15,"fish_oil",2004,0.0108607201792181
1,"fish_oil",2004,0.0108607201792181
3,"fish_oil",2004,0.0108607201792181
17,"fish_oil",2004,0.0108607201792181
4,"fish_oil",2004,0.0108607201792181
19,"fish_oil",2004,0.0108607201792181
14,"fish_oil",2004,0.0108607201792181
18,"fish_oil",2005,0.00898035668550272
13,"fish_oil",2005,0.00898035668550272
11,"fish_oil",2005,0.00898035668550272
6,"fish_oil",2005,0.00898035668550272
5,"fish_oil",2005,0.00898035668550272
12,"fish_oil",2005,0.00898035668550272
7,"fish_oil",2005,0.00898035668550272
8,"fish_oil",2005,0.00898035668550272
2,"fish_oil",2005,0.00898035668550272
10,"fish_oil",2005,0.00898035668550272
9,"fish_oil",2005,0.00898035668550272
16,"fish_oil",2005,0.00898035668550272
15,"fish_oil",2005,0.00898035668550272
1,"fish_oil",2005,0.00898035668550272
3,"fish_oil",2005,0.00898035668550272
17,"fish_oil",2005,0.00898035668550272
4,"fish_oil",2005,0.00898035668550272
19,"fish_oil",2005,0.00898035668550272
14,"fish_oil",2005,0.00898035668550272
18,"fish_oil",2006,0.0076187141555709
13,"fish_oil",2006,0.0076187141555709
11,"fish_oil",2006,0.0076187141555709
6,"fish_oil",2006,0.0076187141555709
5,"fish_oil",2006,0.0076187141555709
12,"fish_oil",2006,0.0076187141555709
7,"fish_oil",2006,0.0076187141555709
8,"fish_oil",2006,0.0076187141555709
2,"fish_oil",2006,0.0076187141555709
10,"fish_oil",2006,0.0076187141555709
9,"fish_oil",2006,0.0076187141555709
16,"fish_oil",2006,0.0076187141555709
15,"fish_oil",2006,0.0076187141555709
1,"fish_oil",2006,0.0076187141555709
3,"fish_oil",2006,0.0076187141555709
17,"fish_oil",2006,0.0076187141555709
4,"fish_oil",2006,0.0076187141555709
19,"fish_oil",2006,0.0076187141555709
14,"fish_oil",2006,0.0076187141555709
18,"fish_oil",2007,0.00718644668575128
13,"fish_oil",2007,0.00718644668575128
11,"fish_oil",2007,0.00718644668575128
6,"fish_oil",2007,0.00718644668575128
5,"fish_oil",2007,0.00718644668575128
12,"fish_oil",2007,0.00718644668575128
7,"fish_oil",2007,0.00718644668575128
8,"fish_oil",2007,0.00718644668575128
2,"fish_oil",2007,0.00718644668575128
10,"fish_oil",2007,0.00718644668575128
9,"fish_oil",2007,0.00718644668575128
16,"fish_oil",2007,0.00718644668575128
15,"fish_oil",2007,0.00718644668575128
1,"fish_oil",2007,0.00718644668575128
3,"fish_oil",2007,0.00718644668575128
17,"fish_oil",2007,0.00718644668575128
4,"fish_oil",2007,0.00718644668575128
19,"fish_oil",2007,0.00718644668575128
14,"fish_oil",2007,0.00718644668575128
18,"fish_oil",2008,0.0058896442762924
13,"fish_oil",2008,0.0058896442762924
11,"fish_oil",2008,0.0058896442762924
6,"fish_oil",2008,0.0058896442762924
5,"fish_oil",2008,0.0058896442762924
12,"fish_oil",2008,0.0058896442762924
7,"fish_oil",2008,0.0058896442762924
8,"fish_oil",2008,0.0058896442762924
2,"fish_oil",2008,0.0058896442762924
10,"fish_oil",2008,0.0058896442762924
9,"fish_oil",2008,0.0058896442762924
16,"fish_oil",2008,0.0058896442762924
15,"fish_oil",2008,0.0058896442762924
1,"fish_oil",2008,0.0058896442762924
3,"fish_oil",2008,0.0058896442762924
17,"fish_oil",2008,0.0058896442762924
4,"fish_oil",2008,0.0058896442762924
19,"fish_oil",2008,0.0058896442762924
14,"fish_oil",2008,0.0058896442762924
18,"fish_oil",2009,0.00661369228824027
13,"fish_oil",2009,0.00661369228824027
11,"fish_oil",2009,0.00661369228824027
6,"fish_oil",2009,0.00661369228824027
5,"fish_oil",2009,0.00661369228824027
12,"fish_oil",2009,0.00661369228824027
7,"fish_oil",2009,0.00661369228824027
8,"fish_oil",2009,0.00661369228824027
2,"fish_oil",2009,0.00661369228824027
10,"fish_oil",2009,0.00661369228824027
9,"fish_oil",2009,0.00661369228824027
16,"fish_oil",2009,0.00661369228824027
15,"fish_oil",2009,0.00661369228824027
1,"fish_oil",2009,0.00661369228824027
3,"fish_oil",2009,0.00661369228824027
17,"fish_oil",2009,0.00661369228824027
4,"fish_oil",2009,0.00661369228824027
19,"fish_oil",2009,0.00661369228824027
14,"fish_oil",2009,0.00661369228824027
18,"fish_oil",2010,0.00662810120390093
13,"fish_oil",2010,0.00662810120390093
11,"fish_oil",2010,0.00662810120390093
6,"fish_oil",2010,0.00662810120390093
5,"fish_oil",2010,0.00662810120390093
12,"fish_oil",2010,0.00662810120390093
7,"fish_oil",2010,0.00662810120390093
8,"fish_oil",2010,0.00662810120390093
2,"fish_oil",2010,0.00662810120390093
10,"fish_oil",2010,0.00662810120390093
9,"fish_oil",2010,0.00662810120390093
16,"fish_oil",2010,0.00662810120390093
15,"fish_oil",2010,0.00662810120390093
1,"fish_oil",2010,0.00662810120390093
3,"fish_oil",2010,0.00662810120390093
17,"fish_oil",2010,0.00662810120390093
4,"fish_oil",2010,0.00662810120390093
19,"fish_oil",2010,0.00662810120390093
14,"fish_oil",2010,0.00662810120390093
18,"fish_oil",2011,0.00590045096303789
13,"fish_oil",2011,0.00590045096303789
11,"fish_oil",2011,0.00590045096303789
6,"fish_oil",2011,0.00590045096303789
5,"fish_oil",2011,0.00590045096303789
12,"fish_oil",2011,0.00590045096303789
7,"fish_oil",2011,0.00590045096303789
8,"fish_oil",2011,0.00590045096303789
2,"fish_oil",2011,0.00590045096303789
10,"fish_oil",2011,0.00590045096303789
9,"fish_oil",2011,0.00590045096303789
16,"fish_oil",2011,0.00590045096303789
15,"fish_oil",2011,0.00590045096303789
1,"fish_oil",2011,0.00590045096303789
3,"fish_oil",2011,0.00590045096303789
17,"fish_oil",2011,0.00590045096303789
4,"fish_oil",2011,0.00590045096303789
19,"fish_oil",2011,0.00590045096303789
14,"fish_oil",2011,0.00590045096303789
18,"seaweeds",1998,0.53886217948718
13,"seaweeds",1998,0.53886217948718
11,"seaweeds",1998,0.53886217948718
6,"seaweeds",1998,0.53886217948718
5,"seaweeds",1998,0.53886217948718
12,"seaweeds",1998,0.53886217948718
7,"seaweeds",1998,0.53886217948718
8,"seaweeds",1998,0.53886217948718
2,"seaweeds",1998,0.53886217948718
10,"seaweeds",1998,0.53886217948718
9,"seaweeds",1998,0.53886217948718
16,"seaweeds",1998,0.53886217948718
15,"seaweeds",1998,0.53886217948718
1,"seaweeds",1998,0.53886217948718
3,"seaweeds",1998,0.53886217948718
17,"seaweeds",1998,0.53886217948718
4,"seaweeds",1998,0.53886217948718
19,"seaweeds",1998,0.53886217948718
14,"seaweeds",1998,0.53886217948718
18,"seaweeds",1999,0.685096153846154
13,"seaweeds",1999,0.685096153846154
11,"seaweeds",1999,0.685096153846154
6,"seaweeds",1999,0.685096153846154
5,"seaweeds",1999,0.685096153846154
12,"seaweeds",1999,0.685096153846154
7,"seaweeds",1999,0.685096153846154
8,"seaweeds",1999,0.685096153846154
2,"seaweeds",1999,0.685096153846154
10,"seaweeds",1999,0.685096153846154
9,"seaweeds",1999,0.685096153846154
16,"seaweeds",1999,0.685096153846154
15,"seaweeds",1999,0.685096153846154
1,"seaweeds",1999,0.685096153846154
3,"seaweeds",1999,0.685096153846154
17,"seaweeds",1999,0.685096153846154
4,"seaweeds",1999,0.685096153846154
19,"seaweeds",1999,0.685096153846154
14,"seaweeds",1999,0.685096153846154
18,"seaweeds",2000,1
13,"seaweeds",2000,1
11,"seaweeds",2000,1
6,"seaweeds",2000,1
5,"seaweeds",2000,1
12,"seaweeds",2000,1
7,"seaweeds",2000,1
8,"seaweeds",2000,1
2,"seaweeds",2000,1
10,"seaweeds",2000,1
9,"seaweeds",2000,1
16,"seaweeds",2000,1
15,"seaweeds",2000,1
1,"seaweeds",2000,1
3,"seaweeds",2000,1
17,"seaweeds",2000,1
4,"seaweeds",2000,1
19,"seaweeds",2000,1
14,"seaweeds",2000,1
18,"seaweeds",2001,1
13,"seaweeds",2001,1
11,"seaweeds",2001,1
6,"seaweeds",2001,1
5,"seaweeds",2001,1
12,"seaweeds",2001,1
7,"seaweeds",2001,1
8,"seaweeds",2001,1
2,"seaweeds",2001,1
10,"seaweeds",2001,1
9,"seaweeds",2001,1
16,"seaweeds",2001,1
15,"seaweeds",2001,1
1,"seaweeds",2001,1
3,"seaweeds",2001,1
17,"seaweeds",2001,1
4,"seaweeds",2001,1
19,"seaweeds",2001,1
14,"seaweeds",2001,1
18,"seaweeds",2002,1
13,"seaweeds",2002,1
11,"seaweeds",2002,1
6,"seaweeds",2002,1
5,"seaweeds",2002,1
12,"seaweeds",2002,1
7,"seaweeds",2002,1
8,"seaweeds",2002,1
2,"seaweeds",2002,1
10,"seaweeds",2002,1
9,"seaweeds",2002,1
16,"seaweeds",2002,1
15,"seaweeds",2002,1
1,"seaweeds",2002,1
3,"seaweeds",2002,1
17,"seaweeds",2002,1
4,"seaweeds",2002,1
19,"seaweeds",2002,1
14,"seaweeds",2002,1
18,"seaweeds",2003,1
13,"seaweeds",2003,1
11,"seaweeds",2003,1
6,"seaweeds",2003,1
5,"seaweeds",2003,1
12,"seaweeds",2003,1
7,"seaweeds",2003,1
8,"seaweeds",2003,1
2,"seaweeds",2003,1
10,"seaweeds",2003,1
9,"seaweeds",2003,1
16,"seaweeds",2003,1
15,"seaweeds",2003,1
1,"seaweeds",2003,1
3,"seaweeds",2003,1
17,"seaweeds",2003,1
4,"seaweeds",2003,1
19,"seaweeds",2003,1
14,"seaweeds",2003,1
18,"seaweeds",2004,1
13,"seaweeds",2004,1
11,"seaweeds",2004,1
6,"seaweeds",2004,1
5,"seaweeds",2004,1
12,"seaweeds",2004,1
7,"seaweeds",2004,1
8,"seaweeds",2004,1
2,"seaweeds",2004,1
10,"seaweeds",2004,1
9,"seaweeds",2004,1
16,"seaweeds",2004,1
15,"seaweeds",2004,1
1,"seaweeds",2004,1
3,"seaweeds",2004,1
17,"seaweeds",2004,1
4,"seaweeds",2004,1
19,"seaweeds",2004,1
14,"seaweeds",2004,1
18,"seaweeds",2005,0.620492788461538
13,"seaweeds",2005,0.620492788461538
11,"seaweeds",2005,0.620492788461538
6,"seaweeds",2005,0.620492788461538
5,"seaweeds",2005,0.620492788461538
12,"seaweeds",2005,0.620492788461538
7,"seaweeds",2005,0.620492788461538
8,"seaweeds",2005,0.620492788461538
2,"seaweeds",2005,0.620492788461538
10,"seaweeds",2005,0.620492788461538
9,"seaweeds",2005,0.620492788461538
16,"seaweeds",2005,0.620492788461538
15,"seaweeds",2005,0.620492788461538
1,"seaweeds",2005,0.620492788461538
3,"seaweeds",2005,0.620492788461538
17,"seaweeds",2005,0.620492788461538
4,"seaweeds",2005,0.620492788461538
19,"seaweeds",2005,0.620492788461538
14,"seaweeds",2005,0.620492788461538
18,"seaweeds",2006,0.405649038461538
13,"seaweeds",2006,0.405649038461538
11,"seaweeds",2006,0.405649038461538
6,"seaweeds",2006,0.405649038461538
5,"seaweeds",2006,0.405649038461538
12,"seaweeds",2006,0.405649038461538
7,"seaweeds",2006,0.405649038461538
8,"seaweeds",2006,0.405649038461538
2,"seaweeds",2006,0.405649038461538
10,"seaweeds",2006,0.405649038461538
9,"seaweeds",2006,0.405649038461538
16,"seaweeds",2006,0.405649038461538
15,"seaweeds",2006,0.405649038461538
1,"seaweeds",2006,0.405649038461538
3,"seaweeds",2006,0.405649038461538
17,"seaweeds",2006,0.405649038461538
4,"seaweeds",2006,0.405649038461538
19,"seaweeds",2006,0.405649038461538
14,"seaweeds",2006,0.405649038461538
18,"seaweeds",2007,0.320012019230769
13,"seaweeds",2007,0.320012019230769
11,"seaweeds",2007,0.320012019230769
6,"seaweeds",2007,0.320012019230769
5,"seaweeds",2007,0.320012019230769
12,"seaweeds",2007,0.320012019230769
7,"seaweeds",2007,0.320012019230769
8,"seaweeds",2007,0.320012019230769
2,"seaweeds",2007,0.320012019230769
10,"seaweeds",2007,0.320012019230769
9,"seaweeds",2007,0.320012019230769
16,"seaweeds",2007,0.320012019230769
15,"seaweeds",2007,0.320012019230769
1,"seaweeds",2007,0.320012019230769
3,"seaweeds",2007,0.320012019230769
17,"seaweeds",2007,0.320012019230769
4,"seaweeds",2007,0.320012019230769
19,"seaweeds",2007,0.320012019230769
14,"seaweeds",2007,0.320012019230769
18,"seaweeds",2008,0.369591346153846
13,"seaweeds",2008,0.369591346153846
11,"seaweeds",2008,0.369591346153846
6,"seaweeds",2008,0.369591346153846
5,"seaweeds",2008,0.369591346153846
12,"seaweeds",2008,0.369591346153846
7,"seaweeds",2008,0.369591346153846
8,"seaweeds",2008,0.369591346153846
2,"seaweeds",2008,0.369591346153846
10,"seaweeds",2008,0.369591346153846
9,"seaweeds",2008,0.369591346153846
16,"seaweeds",2008,0.369591346153846
15,"seaweeds",2008,0.369591346153846
1,"seaweeds",2008,0.369591346153846
3,"seaweeds",2008,0.369591346153846
17,"seaweeds",2008,0.369591346153846
4,"seaweeds",2008,0.369591346153846
19,"seaweeds",2008,0.369591346153846
14,"seaweeds",2008,0.369591346153846
18,"seaweeds",2009,0.425180288461538
13,"seaweeds",2009,0.425180288461538
11,"seaweeds",2009,0.425180288461538
6,"seaweeds",2009,0.425180288461538
5,"seaweeds",2009,0.425180288461538
12,"seaweeds",2009,0.425180288461538
7,"seaweeds",2009,0.425180288461538
8,"seaweeds",2009,0.425180288461538
2,"seaweeds",2009,0.425180288461538
10,"seaweeds",2009,0.425180288461538
9,"seaweeds",2009,0.425180288461538
16,"seaweeds",2009,0.425180288461538
15,"seaweeds",2009,0.425180288461538
1,"seaweeds",2009,0.425180288461538
3,"seaweeds",2009,0.425180288461538
17,"seaweeds",2009,0.425180288461538
4,"seaweeds",2009,0.425180288461538
19,"seaweeds",2009,0.425180288461538
14,"seaweeds",2009,0.425180288461538
18,"seaweeds",2010,0.46474358974359
13,"seaweeds",2010,0.46474358974359
11,"seaweeds",2010,0.46474358974359
6,"seaweeds",2010,0.46474358974359
5,"seaweeds",2010,0.46474358974359
12,"seaweeds",2010,0.46474358974359
7,"seaweeds",2010,0.46474358974359
8,"seaweeds",2010,0.46474358974359
2,"seaweeds",2010,0.46474358974359
10,"seaweeds",2010,0.46474358974359
9,"seaweeds",2010,0.46474358974359
16,"seaweeds",2010,0.46474358974359
15,"seaweeds",2010,0.46474358974359
1,"seaweeds",2010,0.46474358974359
3,"seaweeds",2010,0.46474358974359
17,"seaweeds",2010,0.46474358974359
4,"seaweeds",2010,0.46474358974359
19,"seaweeds",2010,0.46474358974359
14,"seaweeds",2010,0.46474358974359
18,"seaweeds",2011,0.576923076923077
13,"seaweeds",2011,0.576923076923077
11,"seaweeds",2011,0.576923076923077
6,"seaweeds",2011,0.576923076923077
5,"seaweeds",2011,0.576923076923077
12,"seaweeds",2011,0.576923076923077
7,"seaweeds",2011,0.576923076923077
8,"seaweeds",2011,0.576923076923077
2,"seaweeds",2011,0.576923076923077
10,"seaweeds",2011,0.576923076923077
9,"seaweeds",2011,0.576923076923077
16,"seaweeds",2011,0.576923076923077
15,"seaweeds",2011,0.576923076923077
1,"seaweeds",2011,0.576923076923077
3,"seaweeds",2011,0.576923076923077
17,"seaweeds",2011,0.576923076923077
4,"seaweeds",2011,0.576923076923077
19,"seaweeds",2011,0.576923076923077
14,"seaweeds",2011,0.576923076923077
18,"sponges",2000,0.205128205128205
13,"sponges",2000,0.205128205128205
11,"sponges",2000,0.205128205128205
6,"sponges",2000,0.205128205128205
5,"sponges",2000,0.205128205128205
12,"sponges",2000,0.205128205128205
7,"sponges",2000,0.205128205128205
8,"sponges",2000,0.205128205128205
2,"sponges",2000,0.205128205128205
10,"sponges",2000,0.205128205128205
9,"sponges",2000,0.205128205128205
16,"sponges",2000,0.205128205128205
15,"sponges",2000,0.205128205128205
1,"sponges",2000,0.205128205128205
3,"sponges",2000,0.205128205128205
17,"sponges",2000,0.205128205128205
4,"sponges",2000,0.205128205128205
19,"sponges",2000,0.205128205128205
14,"sponges",2000,0.205128205128205
18,"sponges",2001,0.653846153846154
13,"sponges",2001,0.653846153846154
11,"sponges",2001,0.653846153846154
6,"sponges",2001,0.653846153846154
5,"sponges",2001,0.653846153846154
12,"sponges",2001,0.653846153846154
7,"sponges",2001,0.653846153846154
8,"sponges",2001,0.653846153846154
2,"sponges",2001,0.653846153846154
10,"sponges",2001,0.653846153846154
9,"sponges",2001,0.653846153846154
16,"sponges",2001,0.653846153846154
15,"sponges",2001,0.653846153846154
1,"sponges",2001,0.653846153846154
3,"sponges",2001,0.653846153846154
17,"sponges",2001,0.653846153846154
4,"sponges",2001,0.653846153846154
19,"sponges",2001,0.653846153846154
14,"sponges",2001,0.653846153846154
18,"sponges",2002,0.653846153846154
13,"sponges",2002,0.653846153846154
11,"sponges",2002,0.653846153846154
6,"sponges",2002,0.653846153846154
5,"sponges",2002,0.653846153846154
12,"sponges",2002,0.653846153846154
7,"sponges",2002,0.653846153846154
8,"sponges",2002,0.653846153846154
2,"sponges",2002,0.653846153846154
10,"sponges",2002,0.653846153846154
9,"sponges",2002,0.653846153846154
16,"sponges",2002,0.653846153846154
15,"sponges",2002,0.653846153846154
1,"sponges",2002,0.653846153846154
3,"sponges",2002,0.653846153846154
17,"sponges",2002,0.653846153846154
4,"sponges",2002,0.653846153846154
19,"sponges",2002,0.653846153846154
14,"sponges",2002,0.653846153846154
18,"sponges",2003,1
13,"sponges",2003,1
11,"sponges",2003,1
6,"sponges",2003,1
5,"sponges",2003,1
12,"sponges",2003,1
7,"sponges",2003,1
8,"sponges",2003,1
2,"sponges",2003,1
10,"sponges",2003,1
9,"sponges",2003,1
16,"sponges",2003,1
15,"sponges",2003,1
1,"sponges",2003,1
3,"sponges",2003,1
17,"sponges",2003,1
4,"sponges",2003,1
19,"sponges",2003,1
14,"sponges",2003,1
18,"sponges",2004,1
13,"sponges",2004,1
11,"sponges",2004,1
6,"sponges",2004,1
5,"sponges",2004,1
12,"sponges",2004,1
7,"sponges",2004,1
8,"sponges",2004,1
2,"sponges",2004,1
10,"sponges",2004,1
9,"sponges",2004,1
16,"sponges",2004,1
15,"sponges",2004,1
1,"sponges",2004,1
3,"sponges",2004,1
17,"sponges",2004,1
4,"sponges",2004,1
19,"sponges",2004,1
14,"sponges",2004,1
18,"sponges",2005,0.961538461538462
13,"sponges",2005,0.961538461538462
11,"sponges",2005,0.961538461538462
6,"sponges",2005,0.961538461538462
5,"sponges",2005,0.961538461538462
12,"sponges",2005,0.961538461538462
7,"sponges",2005,0.961538461538462
8,"sponges",2005,0.961538461538462
2,"sponges",2005,0.961538461538462
10,"sponges",2005,0.961538461538462
9,"sponges",2005,0.961538461538462
16,"sponges",2005,0.961538461538462
15,"sponges",2005,0.961538461538462
1,"sponges",2005,0.961538461538462
3,"sponges",2005,0.961538461538462
17,"sponges",2005,0.961538461538462
4,"sponges",2005,0.961538461538462
19,"sponges",2005,0.961538461538462
14,"sponges",2005,0.961538461538462
18,"sponges",2006,0.923076923076923
13,"sponges",2006,0.923076923076923
11,"sponges",2006,0.923076923076923
6,"sponges",2006,0.923076923076923
5,"sponges",2006,0.923076923076923
12,"sponges",2006,0.923076923076923
7,"sponges",2006,0.923076923076923
8,"sponges",2006,0.923076923076923
2,"sponges",2006,0.923076923076923
10,"sponges",2006,0.923076923076923
9,"sponges",2006,0.923076923076923
16,"sponges",2006,0.923076923076923
15,"sponges",2006,0.923076923076923
1,"sponges",2006,0.923076923076923
3,"sponges",2006,0.923076923076923
17,"sponges",2006,0.923076923076923
4,"sponges",2006,0.923076923076923
19,"sponges",2006,0.923076923076923
14,"sponges",2006,0.923076923076923
18,"sponges",2007,0
13,"sponges",2007,0
11,"sponges",2007,0
6,"sponges",2007,0
5,"sponges",2007,0
12,"sponges",2007,0
7,"sponges",2007,0
8,"sponges",2007,0
2,"sponges",2007,0
10,"sponges",2007,0
9,"sponges",2007,0
16,"sponges",2007,0
15,"sponges",2007,0
1,"sponges",2007,0
3,"sponges",2007,0
17,"sponges",2007,0
4,"sponges",2007,0
19,"sponges",2007,0
14,"sponges",2007,0
18,"sponges",2008,0
13,"sponges",2008,0
11,"sponges",2008,0
6,"sponges",2008,0
5,"sponges",2008,0
12,"sponges",2008,0
7,"sponges",2008,0
8,"sponges",2008,0
2,"sponges",2008,0
10,"sponges",2008,0
9,"sponges",2008,0
16,"sponges",2008,0
15,"sponges",2008,0
1,"sponges",2008,0
3,"sponges",2008,0
17,"sponges",2008,0
4,"sponges",2008,0
19,"sponges",2008,0
14,"sponges",2008,0
18,"sponges",2009,0
13,"sponges",2009,0
11,"sponges",2009,0
6,"sponges",2009,0
5,"sponges",2009,0
12,"sponges",2009,0
7,"sponges",2009,0
8,"sponges",2009,0
2,"sponges",2009,0
10,"sponges",2009,0
9,"sponges",2009,0
16,"sponges",2009,0
15,"sponges",2009,0
1,"sponges",2009,0
3,"sponges",2009,0
17,"sponges",2009,0
4,"sponges",2009,0
19,"sponges",2009,0
14,"sponges",2009,0
18,"sponges",2010,0
13,"sponges",2010,0
11,"sponges",2010,0
6,"sponges",2010,0
5,"sponges",2010,0
12,"sponges",2010,0
7,"sponges",2010,0
8,"sponges",2010,0
2,"sponges",2010,0
10,"sponges",2010,0
9,"sponges",2010,0
16,"sponges",2010,0
15,"sponges",2010,0
1,"sponges",2010,0
3,"sponges",2010,0
17,"sponges",2010,0
4,"sponges",2010,0
19,"sponges",2010,0
14,"sponges",2010,0
18,"sponges",2011,0
13,"sponges",2011,0
11,"sponges",2011,0
6,"sponges",2011,0
5,"sponges",2011,0
12,"sponges",2011,0
7,"sponges",2011,0
8,"sponges",2011,0
2,"sponges",2011,0
10,"sponges",2011,0
9,"sponges",2011,0
16,"sponges",2011,0
15,"sponges",2011,0
1,"sponges",2011,0
3,"sponges",2011,0
17,"sponges",2011,0
4,"sponges",2011,0
19,"sponges",2011,0
14,"sponges",2011,0
